Acct,Acct_status,clientPID,PlanStatus,Active_date,Term_date
39464241,-99,HZ_MultiCarrier_Addon,-1,2016-07-01,2017-04-05
39464241,-99,HZ_MultiCarrier_Addon_Trial,3,2016-03-30,2018-01-26
39894535,1,HZ_MultiCarrier_Addon,-1,2017-04-26,2017-06-01
40564563,-99,HZ_MultiCarrier_Addon,1,2016-07-02,None
40564563,-99,HZ_MultiCarrier_Addon_Trial,3,2016-04-02,2018-01-26
40823675,-99,HZ_MultiCarrier_Addon,2,2016-07-20,None
40823675,-99,HZ_MultiCarrier_Addon_Trial,3,2016-04-20,2018-01-26
40828104,1,HZ_MultiCarrier_Addon,1,2016-07-20,None
40828104,1,HZ_MultiCarrier_Addon_Trial,3,2016-04-20,2018-01-26
40828119,1,HZ_MultiCarrier_Addon,1,2016-07-20,None
40828119,1,HZ_MultiCarrier_Addon_Trial,3,2016-04-20,2018-01-26
40906413,-99,HZ_MultiCarrier_Addon,-1,2017-01-20,2017-01-20
40906550,1,HZ_MultiCarrier_Addon,1,2016-07-25,None
40906550,1,HZ_MultiCarrier_Addon_Trial,3,2016-04-25,2018-01-26
40916047,-99,HZ_MultiCarrier_Addon,1,2016-07-26,None
40916047,-99,HZ_MultiCarrier_Addon_Trial,3,2016-04-26,2018-01-26
40916573,-99,HZ_MultiCarrier_Addon,1,2016-07-26,None
40916573,-99,HZ_MultiCarrier_Addon_Trial,3,2016-04-26,2018-01-26
40916598,1,HZ_MultiCarrier_Addon,1,2016-07-26,None
40916598,1,HZ_MultiCarrier_Addon_Trial,3,2016-04-26,2018-01-26
40918163,-99,HZ_MultiCarrier_Addon,1,2016-07-26,None
40918163,-99,HZ_MultiCarrier_Addon_Trial,3,2016-04-26,2018-01-26
40918367,-99,HZ_MultiCarrier_Addon,1,2016-07-26,None
40918367,-99,HZ_MultiCarrier_Addon_Trial,3,2016-04-26,2018-01-26
40918670,-99,HZ_MultiCarrier_Addon,1,2016-07-26,None
40918670,-99,HZ_MultiCarrier_Addon_Trial,3,2016-04-26,2018-01-26
40919178,-99,HZ_MultiCarrier_Addon,1,2016-07-26,None
40919178,-99,HZ_MultiCarrier_Addon_Trial,3,2016-04-26,2018-01-26
40919360,-99,HZ_MultiCarrier_Addon,2,2016-07-26,None
40919360,-99,HZ_MultiCarrier_Addon_Trial,3,2016-04-26,2018-01-26
40919809,-99,HZ_MultiCarrier_Addon,1,2016-07-26,None
40919809,-99,HZ_MultiCarrier_Addon_Trial,3,2016-04-26,2018-01-26
40922899,-99,HZ_MultiCarrier_Addon,1,2016-07-26,None
40922899,-99,HZ_MultiCarrier_Addon_Trial,3,2016-04-26,2018-01-26
40925282,-99,HZ_MultiCarrier_Addon,1,2016-07-26,None
40925282,-99,HZ_MultiCarrier_Addon_Trial,3,2016-04-26,2018-01-26
40925903,-99,HZ_MultiCarrier_Addon,1,2016-07-26,None
40925903,-99,HZ_MultiCarrier_Addon_Trial,3,2016-04-26,2018-01-26
40930760,1,HZ_MultiCarrier_Addon,1,2016-07-27,None
40930760,1,HZ_MultiCarrier_Addon_Trial,3,2016-04-27,2018-01-26
40930861,-99,HZ_MultiCarrier_Addon,2,2016-07-27,None
40930861,-99,HZ_MultiCarrier_Addon_Trial,3,2016-04-27,2018-01-26
40931766,-99,HZ_MultiCarrier_Addon,1,2016-07-27,None
40931766,-99,HZ_MultiCarrier_Addon_Trial,3,2016-04-27,2018-01-26
40931947,-99,HZ_MultiCarrier_Addon,1,2016-07-27,None
40931947,-99,HZ_MultiCarrier_Addon_Trial,3,2016-04-27,2018-01-26
40932539,1,HZ_MultiCarrier_Addon,1,2016-07-27,None
40932539,1,HZ_MultiCarrier_Addon_Trial,3,2016-04-27,2018-01-26
40935280,-99,HZ_MultiCarrier_Addon,1,2016-07-27,None
40935280,-99,HZ_MultiCarrier_Addon_Trial,3,2016-04-27,2018-01-26
40941741,-1,HZ_MultiCarrier_Addon,1,2016-07-28,None
40941741,-1,HZ_MultiCarrier_Addon_Trial,3,2016-04-28,2018-01-26
40944193,-99,HZ_MultiCarrier_Addon,1,2016-07-28,None
40944193,-99,HZ_MultiCarrier_Addon_Trial,3,2016-04-28,2018-01-26
40944267,1,HZ_MultiCarrier_Addon,1,2016-07-28,None
40944267,1,HZ_MultiCarrier_Addon_Trial,3,2016-04-28,2018-01-26
40944469,-99,HZ_MultiCarrier_Addon,2,2016-07-28,None
40944469,-99,HZ_MultiCarrier_Addon_Trial,3,2016-04-28,2018-01-26
40944661,-99,HZ_MultiCarrier_Addon,2,2016-07-28,None
40944661,-99,HZ_MultiCarrier_Addon_Trial,3,2016-04-28,2018-01-26
40944835,-99,HZ_MultiCarrier_Addon,1,2016-07-28,None
40944835,-99,HZ_MultiCarrier_Addon_Trial,3,2016-04-28,2018-01-26
40944995,1,HZ_MultiCarrier_Addon,1,2016-07-28,None
40944995,1,HZ_MultiCarrier_Addon_Trial,3,2016-04-28,2018-01-26
40946076,-99,HZ_MultiCarrier_Addon,1,2016-07-28,None
40946076,-99,HZ_MultiCarrier_Addon_Trial,3,2016-04-28,2018-01-26
40946408,1,HZ_MultiCarrier_Addon,-1,2016-07-28,2016-08-10
40946408,1,HZ_MultiCarrier_Addon_Trial,3,2016-04-28,2018-01-26
40946619,-99,HZ_MultiCarrier_Addon,2,2016-07-28,None
40946619,-99,HZ_MultiCarrier_Addon_Trial,3,2016-04-28,2018-01-26
40947042,-99,HZ_MultiCarrier_Addon,1,2016-07-28,None
40947042,-99,HZ_MultiCarrier_Addon_Trial,3,2016-04-28,2018-01-26
40947458,1,HZ_MultiCarrier_Addon,1,2016-07-28,None
40947458,1,HZ_MultiCarrier_Addon_Trial,3,2016-04-28,2018-01-26
40950340,1,HZ_MultiCarrier_Addon,1,2016-07-28,None
40950340,1,HZ_MultiCarrier_Addon_Trial,3,2016-04-28,2018-01-26
40951436,1,HZ_MultiCarrier_Addon,1,2016-07-28,None
40951436,1,HZ_MultiCarrier_Addon_Trial,3,2016-04-28,2018-01-26
40954228,-99,HZ_MultiCarrier_Addon,1,2016-07-28,None
40954228,-99,HZ_MultiCarrier_Addon_Trial,3,2016-04-28,2018-01-26
40957045,-99,HZ_MultiCarrier_Addon,1,2016-07-29,None
40957045,-99,HZ_MultiCarrier_Addon_Trial,3,2016-04-29,2018-01-26
40958890,1,HZ_MultiCarrier_Addon,-1,2016-07-29,2016-09-12
40958890,1,HZ_MultiCarrier_Addon_Trial,3,2016-04-29,2018-01-26
40960394,-3,HZ_MultiCarrier_Addon,1,2016-07-29,None
40960394,-3,HZ_MultiCarrier_Addon_Trial,3,2016-04-29,2018-01-26
40961821,1,HZ_MultiCarrier_Addon,1,2016-07-29,None
40961821,1,HZ_MultiCarrier_Addon_Trial,3,2016-04-29,2018-01-26
40961854,1,HZ_MultiCarrier_Addon,1,2016-07-29,None
40961854,1,HZ_MultiCarrier_Addon_Trial,3,2016-04-29,2018-01-26
40962535,-2,HZ_MultiCarrier_Addon,1,2016-07-29,None
40962535,-2,HZ_MultiCarrier_Addon_Trial,3,2016-04-29,2018-01-26
40962702,1,HZ_MultiCarrier_Addon,1,2017-11-13,None
40966307,-99,HZ_MultiCarrier_Addon,1,2016-07-29,None
40966307,-99,HZ_MultiCarrier_Addon_Trial,3,2016-04-29,2018-01-26
40977836,-99,HZ_MultiCarrier_Addon,-1,2016-07-30,2016-05-20
40977836,-99,HZ_MultiCarrier_Addon_Trial,3,2016-04-30,2018-01-26
41001089,-99,HZ_MultiCarrier_Addon,1,2016-08-01,None
41001089,-99,HZ_MultiCarrier_Addon_Trial,3,2016-05-01,2018-01-26
41001257,-1,HZ_MultiCarrier_Addon,1,2016-08-01,None
41001257,-1,HZ_MultiCarrier_Addon_Trial,3,2016-05-01,2018-01-26
41011753,1,HZ_MultiCarrier_Addon,1,2016-08-02,None
41011753,1,HZ_MultiCarrier_Addon_Trial,3,2016-05-02,2018-01-26
41013315,-99,HZ_MultiCarrier_Addon,1,2016-08-02,None
41013315,-99,HZ_MultiCarrier_Addon_Trial,3,2016-05-02,2018-01-26
41013558,-99,HZ_MultiCarrier_Addon,1,2016-08-02,None
41013558,-99,HZ_MultiCarrier_Addon_Trial,3,2016-05-02,2018-01-26
41017753,-99,HZ_MultiCarrier_Addon,1,2016-08-02,None
41017753,-99,HZ_MultiCarrier_Addon_Trial,3,2016-05-02,2018-01-26
41017829,-1,HZ_MultiCarrier_Addon,1,2016-08-02,None
41017829,-1,HZ_MultiCarrier_Addon_Trial,3,2016-05-02,2018-01-26
41018298,-99,HZ_MultiCarrier_Addon,1,2016-08-02,None
41018298,-99,HZ_MultiCarrier_Addon_Trial,3,2016-05-02,2018-01-26
41019612,-99,HZ_MultiCarrier_Addon,2,2016-08-02,None
41019612,-99,HZ_MultiCarrier_Addon_Trial,3,2016-05-02,2018-01-26
41021638,-99,HZ_MultiCarrier_Addon,1,2016-08-02,None
41021638,-99,HZ_MultiCarrier_Addon_Trial,3,2016-05-02,2018-01-26
41027811,1,HZ_MultiCarrier_Addon,-1,2016-08-03,2016-08-10
41027811,1,HZ_MultiCarrier_Addon_Trial,3,2016-05-03,2018-01-26
41028143,1,HZ_MultiCarrier_Addon,1,2017-04-18,None
41028339,1,HZ_MultiCarrier_Addon,1,2016-08-03,None
41028339,1,HZ_MultiCarrier_Addon_Trial,3,2016-05-03,2018-01-26
41028467,-2,HZ_MultiCarrier_Addon,1,2016-08-03,None
41028467,-2,HZ_MultiCarrier_Addon_Trial,3,2016-05-03,2018-01-26
41028962,-99,HZ_MultiCarrier_Addon,1,2016-08-03,None
41028962,-99,HZ_MultiCarrier_Addon_Trial,3,2016-05-03,2018-01-26
41030036,1,HZ_MultiCarrier_Addon,1,2016-08-03,None
41030036,1,HZ_MultiCarrier_Addon_Trial,3,2016-05-03,2018-01-26
41031430,1,HZ_MultiCarrier_Addon,1,2016-08-03,None
41031430,1,HZ_MultiCarrier_Addon_Trial,3,2016-05-03,2018-01-26
41031608,-99,HZ_MultiCarrier_Addon,2,2016-08-03,None
41031608,-99,HZ_MultiCarrier_Addon_Trial,3,2016-05-03,2018-01-26
41031644,-99,HZ_MultiCarrier_Addon,1,2016-08-03,None
41031644,-99,HZ_MultiCarrier_Addon_Trial,3,2016-05-03,2018-01-26
41031772,-1,HZ_MultiCarrier_Addon,1,2017-10-30,None
41032361,-99,HZ_MultiCarrier_Addon,1,2016-08-03,None
41032361,-99,HZ_MultiCarrier_Addon_Trial,3,2016-05-03,2018-01-26
41032843,-99,HZ_MultiCarrier_Addon,1,2016-08-03,None
41032843,-99,HZ_MultiCarrier_Addon_Trial,3,2016-05-03,2018-01-26
41033138,-3,HZ_MultiCarrier_Addon,1,2017-04-18,None
41034075,-3,HZ_MultiCarrier_Addon,1,2016-08-03,None
41034075,-3,HZ_MultiCarrier_Addon_Trial,3,2016-05-03,2018-01-26
41039801,-99,HZ_MultiCarrier_Addon,1,2016-08-03,None
41039801,-99,HZ_MultiCarrier_Addon_Trial,3,2016-05-03,2018-01-26
41043100,1,HZ_MultiCarrier_Addon,1,2016-08-04,None
41043100,1,HZ_MultiCarrier_Addon_Trial,3,2016-05-04,2018-01-26
41044189,1,HZ_MultiCarrier_Addon,1,2016-08-04,None
41044189,1,HZ_MultiCarrier_Addon_Trial,3,2016-05-04,2018-01-26
41045748,-99,HZ_MultiCarrier_Addon,1,2016-08-04,None
41045748,-99,HZ_MultiCarrier_Addon_Trial,3,2016-05-04,2018-01-26
41046047,1,HZ_MultiCarrier_Addon,1,2016-08-04,None
41046047,1,HZ_MultiCarrier_Addon_Trial,3,2016-05-04,2018-01-26
41047726,-99,HZ_MultiCarrier_Addon,2,2016-08-04,None
41047726,-99,HZ_MultiCarrier_Addon_Trial,3,2016-05-04,2018-01-26
41048249,-99,HZ_MultiCarrier_Addon,1,2016-08-04,None
41048249,-99,HZ_MultiCarrier_Addon_Trial,3,2016-05-04,2018-01-26
41052435,-99,HZ_MultiCarrier_Addon,1,2016-08-04,None
41052435,-99,HZ_MultiCarrier_Addon_Trial,3,2016-05-04,2018-01-26
41057301,-99,HZ_MultiCarrier_Addon,1,2016-08-05,None
41057301,-99,HZ_MultiCarrier_Addon_Trial,3,2016-05-05,2018-01-26
41057814,-2,HZ_MultiCarrier_Addon,1,2016-08-05,None
41057814,-2,HZ_MultiCarrier_Addon_Trial,3,2016-05-05,2018-01-26
41057845,1,HZ_MultiCarrier_Addon,-1,2017-08-20,2017-08-20
41057880,-3,HZ_MultiCarrier_Addon,1,2017-08-03,None
41058165,-99,HZ_MultiCarrier_Addon,2,2016-08-05,None
41058165,-99,HZ_MultiCarrier_Addon_Trial,3,2016-05-05,2018-01-26
41058169,1,HZ_MultiCarrier_Addon,1,2016-08-05,None
41058169,1,HZ_MultiCarrier_Addon_Trial,3,2016-05-05,2018-01-26
41058323,1,HZ_MultiCarrier_Addon,1,2016-08-05,None
41058323,1,HZ_MultiCarrier_Addon_Trial,3,2016-05-05,2018-01-26
41058780,1,HZ_MultiCarrier_Addon,1,2016-08-05,None
41058780,1,HZ_MultiCarrier_Addon_Trial,3,2016-05-05,2018-01-26
41059224,1,HZ_MultiCarrier_Addon,1,2016-08-05,None
41059224,1,HZ_MultiCarrier_Addon_Trial,3,2016-05-05,2018-01-26
41059895,-99,HZ_MultiCarrier_Addon,2,2016-08-05,None
41059895,-99,HZ_MultiCarrier_Addon_Trial,3,2016-05-05,2018-01-26
41060721,1,HZ_MultiCarrier_Addon,1,2017-08-25,None
41061088,1,HZ_MultiCarrier_Addon,1,2016-08-05,None
41061088,1,HZ_MultiCarrier_Addon_Trial,3,2016-05-05,2018-01-26
41061954,1,HZ_MultiCarrier_Addon,1,2016-08-05,None
41061954,1,HZ_MultiCarrier_Addon_Trial,3,2016-05-05,2018-01-26
41062360,-99,HZ_MultiCarrier_Addon,1,2016-08-05,None
41062360,-99,HZ_MultiCarrier_Addon_Trial,3,2016-05-05,2018-01-26
41065284,-99,HZ_MultiCarrier_Addon,1,2016-08-05,None
41065284,-99,HZ_MultiCarrier_Addon_Trial,3,2016-05-05,2018-01-26
41068640,-99,HZ_MultiCarrier_Addon,1,2016-08-06,None
41068640,-99,HZ_MultiCarrier_Addon_Trial,3,2016-05-06,2018-01-26
41069550,-99,HZ_MultiCarrier_Addon,2,2016-08-06,None
41069550,-99,HZ_MultiCarrier_Addon_Trial,3,2016-05-06,2018-01-26
41069944,-99,HZ_MultiCarrier_Addon,2,2016-08-06,None
41069944,-99,HZ_MultiCarrier_Addon_Trial,3,2016-05-06,2018-01-26
41070995,-3,HZ_MultiCarrier_Addon,1,2016-08-06,None
41070995,-3,HZ_MultiCarrier_Addon_Trial,3,2016-05-06,2018-01-26
41075506,-99,HZ_MultiCarrier_Addon,1,2016-08-06,None
41075506,-99,HZ_MultiCarrier_Addon_Trial,3,2016-05-06,2018-01-26
41075734,-99,HZ_MultiCarrier_Addon,2,2016-08-06,None
41075734,-99,HZ_MultiCarrier_Addon_Trial,3,2016-05-06,2018-01-26
41078033,-99,HZ_MultiCarrier_Addon,1,2016-08-06,None
41078033,-99,HZ_MultiCarrier_Addon_Trial,3,2016-05-06,2018-01-26
41084178,-99,HZ_MultiCarrier_Addon,1,2016-08-07,None
41084178,-99,HZ_MultiCarrier_Addon_Trial,3,2016-05-07,2018-01-26
41084187,-99,HZ_MultiCarrier_Addon,1,2016-08-07,None
41084187,-99,HZ_MultiCarrier_Addon_Trial,3,2016-05-07,2018-01-26
41084722,-99,HZ_MultiCarrier_Addon,2,2016-08-07,None
41084722,-99,HZ_MultiCarrier_Addon_Trial,3,2016-05-07,2018-01-26
41105698,1,HZ_MultiCarrier_Addon,1,2016-08-08,None
41105698,1,HZ_MultiCarrier_Addon_Trial,3,2016-05-08,2018-01-26
41113778,-99,HZ_MultiCarrier_Addon,1,2016-08-08,None
41113778,-99,HZ_MultiCarrier_Addon_Trial,3,2016-05-08,2018-01-26
41116905,-99,HZ_MultiCarrier_Addon,1,2016-08-09,None
41116905,-99,HZ_MultiCarrier_Addon_Trial,3,2016-05-09,2018-01-26
41117503,-99,HZ_MultiCarrier_Addon,1,2016-08-09,None
41117503,-99,HZ_MultiCarrier_Addon_Trial,3,2016-05-09,2018-01-26
41119173,-99,HZ_MultiCarrier_Addon,1,2016-08-09,None
41119173,-99,HZ_MultiCarrier_Addon_Trial,3,2016-05-09,2018-01-26
41120382,-99,HZ_MultiCarrier_Addon,2,2016-08-09,None
41120382,-99,HZ_MultiCarrier_Addon_Trial,3,2016-05-09,2018-01-26
41121835,-99,HZ_MultiCarrier_Addon,1,2016-08-09,None
41121835,-99,HZ_MultiCarrier_Addon_Trial,3,2016-05-09,2018-01-26
41122747,1,HZ_MultiCarrier_Addon,1,2016-08-09,None
41122747,1,HZ_MultiCarrier_Addon_Trial,3,2016-05-09,2018-01-26
41125272,-99,HZ_MultiCarrier_Addon,1,2016-08-09,None
41125272,-99,HZ_MultiCarrier_Addon_Trial,3,2016-05-09,2018-01-26
41130327,-3,HZ_MultiCarrier_Addon,1,2016-08-09,None
41130327,-3,HZ_MultiCarrier_Addon_Trial,3,2016-05-09,2018-01-26
41133590,-99,HZ_MultiCarrier_Addon,1,2016-08-10,None
41133590,-99,HZ_MultiCarrier_Addon_Trial,3,2016-05-10,2018-01-26
41134323,1,HZ_MultiCarrier_Addon,1,2016-08-10,None
41134323,1,HZ_MultiCarrier_Addon_Trial,3,2016-05-10,2018-01-26
41134371,-99,HZ_MultiCarrier_Addon,1,2016-08-10,None
41134371,-99,HZ_MultiCarrier_Addon_Trial,3,2016-05-10,2018-01-26
41137304,1,HZ_MultiCarrier_Addon,1,2016-08-10,None
41137304,1,HZ_MultiCarrier_Addon_Trial,3,2016-05-10,2018-01-26
41143477,-99,HZ_MultiCarrier_Addon,1,2016-08-10,None
41143477,-99,HZ_MultiCarrier_Addon_Trial,3,2016-05-10,2018-01-26
41143936,-99,HZ_MultiCarrier_Addon,2,2016-08-10,None
41143936,-99,HZ_MultiCarrier_Addon_Trial,3,2016-05-10,2018-01-26
41146128,-99,HZ_MultiCarrier_Addon,1,2016-08-10,None
41146128,-99,HZ_MultiCarrier_Addon_Trial,3,2016-05-10,2018-01-26
41154694,-99,HZ_MultiCarrier_Addon,2,2016-08-10,None
41154694,-99,HZ_MultiCarrier_Addon_Trial,3,2016-05-10,2018-01-26
41160956,-99,HZ_MultiCarrier_Addon,1,2016-08-11,None
41160956,-99,HZ_MultiCarrier_Addon_Trial,3,2016-05-11,2018-01-26
41161039,-99,HZ_MultiCarrier_Addon,1,2016-08-11,None
41161039,-99,HZ_MultiCarrier_Addon_Trial,3,2016-05-11,2018-01-26
41162379,1,HZ_MultiCarrier_Addon,1,2016-06-03,None
41163476,-99,HZ_MultiCarrier_Addon,1,2016-08-11,None
41163476,-99,HZ_MultiCarrier_Addon_Trial,3,2016-05-11,2018-01-26
41164152,-99,HZ_MultiCarrier_Addon,2,2016-08-11,None
41164152,-99,HZ_MultiCarrier_Addon_Trial,3,2016-05-11,2018-01-26
41164505,-99,HZ_MultiCarrier_Addon,1,2016-08-11,None
41164505,-99,HZ_MultiCarrier_Addon_Trial,3,2016-05-11,2018-01-26
41164830,-99,HZ_MultiCarrier_Addon,1,2016-08-11,None
41164830,-99,HZ_MultiCarrier_Addon_Trial,3,2016-05-11,2018-01-26
41164997,-99,HZ_MultiCarrier_Addon,2,2016-08-11,None
41164997,-99,HZ_MultiCarrier_Addon_Trial,3,2016-05-11,2018-01-26
41165250,-99,HZ_MultiCarrier_Addon,1,2016-08-11,None
41165250,-99,HZ_MultiCarrier_Addon_Trial,3,2016-05-11,2018-01-26
41166015,1,HZ_MultiCarrier_Addon,1,2016-08-11,None
41166015,1,HZ_MultiCarrier_Addon_Trial,3,2016-05-11,2018-01-26
41170665,1,HZ_MultiCarrier_Addon,1,2016-08-11,None
41170665,1,HZ_MultiCarrier_Addon_Trial,3,2016-05-11,2018-01-26
41174193,-99,HZ_MultiCarrier_Addon,1,2016-08-12,None
41174193,-99,HZ_MultiCarrier_Addon_Trial,3,2016-05-12,2018-01-26
41175200,-99,HZ_MultiCarrier_Addon,2,2016-08-12,None
41175200,-99,HZ_MultiCarrier_Addon_Trial,3,2016-05-12,2018-01-26
41175298,1,HZ_MultiCarrier_Addon,-1,2016-09-01,2016-08-08
41175298,1,HZ_MultiCarrier_Addon_Trial,3,2016-06-01,2018-01-26
41175357,-99,HZ_MultiCarrier_Addon,2,2016-08-12,None
41175357,-99,HZ_MultiCarrier_Addon_Trial,3,2016-05-12,2018-01-26
41175381,1,HZ_MultiCarrier_Addon,1,2016-08-12,None
41175381,1,HZ_MultiCarrier_Addon_Trial,3,2016-05-12,2018-01-26
41175855,1,HZ_MultiCarrier_Addon,1,2016-08-12,None
41175855,1,HZ_MultiCarrier_Addon_Trial,3,2016-05-12,2018-01-26
41176578,-99,HZ_MultiCarrier_Addon,1,2016-08-12,None
41176578,-99,HZ_MultiCarrier_Addon_Trial,3,2016-05-12,2018-01-26
41177176,1,HZ_MultiCarrier_Addon,-1,2016-08-12,2016-07-25
41177176,1,HZ_MultiCarrier_Addon_Trial,3,2016-05-12,2018-01-26
41177805,-99,HZ_MultiCarrier_Addon,2,2016-08-12,None
41177805,-99,HZ_MultiCarrier_Addon_Trial,3,2016-05-12,2018-01-26
41178241,-3,HZ_MultiCarrier_Addon,1,2017-02-27,None
41178936,1,HZ_MultiCarrier_Addon,1,2016-08-12,None
41178936,1,HZ_MultiCarrier_Addon_Trial,3,2016-05-12,2018-01-26
41179648,-99,HZ_MultiCarrier_Addon,1,2016-08-12,None
41179648,-99,HZ_MultiCarrier_Addon_Trial,3,2016-05-12,2018-01-26
41179974,-99,HZ_MultiCarrier_Addon,1,2016-08-12,None
41179974,-99,HZ_MultiCarrier_Addon_Trial,3,2016-05-12,2018-01-26
41184581,-99,HZ_MultiCarrier_Addon,2,2016-08-12,None
41184581,-99,HZ_MultiCarrier_Addon_Trial,3,2016-05-12,2018-01-26
41186532,1,HZ_MultiCarrier_Addon,1,2016-08-13,None
41186532,1,HZ_MultiCarrier_Addon_Trial,3,2016-05-13,2018-01-26
41187581,-99,HZ_MultiCarrier_Addon,2,2016-08-13,None
41187581,-99,HZ_MultiCarrier_Addon_Trial,3,2016-05-13,2018-01-26
41187787,1,HZ_MultiCarrier_Addon,1,2016-08-13,None
41187787,1,HZ_MultiCarrier_Addon_Trial,3,2016-05-13,2018-01-26
41188303,1,HZ_MultiCarrier_Addon,1,2016-08-13,None
41188303,1,HZ_MultiCarrier_Addon_Trial,3,2016-05-13,2018-01-26
41190602,-99,HZ_MultiCarrier_Addon,1,2016-08-13,None
41190602,-99,HZ_MultiCarrier_Addon_Trial,3,2016-05-13,2018-01-26
41191282,-99,HZ_MultiCarrier_Addon,2,2016-08-13,None
41191282,-99,HZ_MultiCarrier_Addon_Trial,3,2016-05-13,2018-01-26
41191829,-99,HZ_MultiCarrier_Addon,1,2016-08-13,None
41191829,-99,HZ_MultiCarrier_Addon_Trial,3,2016-05-13,2018-01-26
41192567,1,HZ_MultiCarrier_Addon,1,2017-08-04,None
41194528,-99,HZ_MultiCarrier_Addon,2,2016-08-13,None
41194528,-99,HZ_MultiCarrier_Addon_Trial,3,2016-05-13,2018-01-26
41194834,-99,HZ_MultiCarrier_Addon,2,2016-08-13,None
41194834,-99,HZ_MultiCarrier_Addon_Trial,3,2016-05-13,2018-01-26
41199629,-99,HZ_MultiCarrier_Addon,1,2016-08-13,None
41199629,-99,HZ_MultiCarrier_Addon_Trial,3,2016-05-13,2018-01-26
41200113,-2,HZ_MultiCarrier_Addon,1,2016-08-14,None
41200113,-2,HZ_MultiCarrier_Addon_Trial,3,2016-05-14,2018-01-26
41205066,-99,HZ_MultiCarrier_Addon,1,2016-08-14,None
41205066,-99,HZ_MultiCarrier_Addon_Trial,3,2016-05-14,2018-01-26
41205953,-99,HZ_MultiCarrier_Addon,1,2016-08-14,None
41205953,-99,HZ_MultiCarrier_Addon_Trial,3,2016-05-14,2018-01-26
41209798,-99,HZ_MultiCarrier_Addon,1,2016-08-14,None
41209798,-99,HZ_MultiCarrier_Addon_Trial,3,2016-05-14,2018-01-26
41212844,-2,HZ_MultiCarrier_Addon,1,2016-08-14,None
41212844,-2,HZ_MultiCarrier_Addon_Trial,3,2016-05-14,2018-01-26
41219807,-99,HZ_MultiCarrier_Addon,1,2016-08-15,None
41219807,-99,HZ_MultiCarrier_Addon_Trial,3,2016-05-15,2018-01-26
41226793,1,HZ_MultiCarrier_Addon,1,2017-05-07,None
41231250,-99,HZ_MultiCarrier_Addon,2,2016-08-15,None
41231250,-99,HZ_MultiCarrier_Addon_Trial,3,2016-05-15,2018-01-26
41237977,1,HZ_MultiCarrier_Addon,1,2016-08-16,None
41237977,1,HZ_MultiCarrier_Addon_Trial,3,2016-05-16,2018-01-26
41238153,-99,HZ_MultiCarrier_Addon,1,2016-08-16,None
41238153,-99,HZ_MultiCarrier_Addon_Trial,3,2016-05-16,2018-01-26
41240061,-99,HZ_MultiCarrier_Addon,1,2016-08-16,None
41240061,-99,HZ_MultiCarrier_Addon_Trial,3,2016-05-16,2018-01-26
41240895,1,HZ_MultiCarrier_Addon,1,2017-07-29,None
41241386,-99,HZ_MultiCarrier_Addon,2,2016-08-16,None
41241386,-99,HZ_MultiCarrier_Addon_Trial,3,2016-05-16,2018-01-26
41241424,1,HZ_MultiCarrier_Addon,1,2017-03-07,None
41253270,-2,HZ_MultiCarrier_Addon,1,2016-08-17,None
41253270,-2,HZ_MultiCarrier_Addon_Trial,3,2016-05-17,2018-01-26
41253788,-99,HZ_MultiCarrier_Addon,2,2016-08-17,None
41253788,-99,HZ_MultiCarrier_Addon_Trial,3,2016-05-17,2018-01-26
41254299,1,HZ_MultiCarrier_Addon,1,2016-08-17,None
41254299,1,HZ_MultiCarrier_Addon_Trial,3,2016-05-17,2018-01-26
41255141,1,HZ_MultiCarrier_Addon,1,2016-08-17,None
41255141,1,HZ_MultiCarrier_Addon_Trial,3,2016-05-17,2018-01-26
41255201,-2,HZ_MultiCarrier_Addon,1,2016-08-17,None
41255201,-2,HZ_MultiCarrier_Addon_Trial,3,2016-05-17,2018-01-26
41255584,1,HZ_MultiCarrier_Addon,1,2016-08-17,None
41255584,1,HZ_MultiCarrier_Addon_Trial,3,2016-05-17,2018-01-26
41256015,-99,HZ_MultiCarrier_Addon,1,2016-08-17,None
41256015,-99,HZ_MultiCarrier_Addon_Trial,3,2016-05-17,2018-01-26
41256146,1,HZ_MultiCarrier_Addon,-1,2016-08-17,2016-10-27
41256146,1,HZ_MultiCarrier_Addon_Trial,3,2016-05-17,2018-01-26
41256620,1,HZ_MultiCarrier_Addon,1,2016-08-17,None
41256620,1,HZ_MultiCarrier_Addon_Trial,3,2016-05-17,2018-01-26
41257504,-99,HZ_MultiCarrier_Addon,1,2016-08-17,None
41257504,-99,HZ_MultiCarrier_Addon_Trial,3,2016-05-17,2018-01-26
41265008,-99,HZ_MultiCarrier_Addon,1,2016-08-18,None
41265008,-99,HZ_MultiCarrier_Addon_Trial,3,2016-05-18,2018-01-26
41266376,-99,HZ_MultiCarrier_Addon,2,2016-08-18,None
41266376,-99,HZ_MultiCarrier_Addon_Trial,3,2016-05-18,2018-01-26
41266402,-99,HZ_MultiCarrier_Addon,1,2016-08-18,None
41266402,-99,HZ_MultiCarrier_Addon_Trial,3,2016-05-18,2018-01-26
41266421,-99,HZ_MultiCarrier_Addon,2,2016-08-18,None
41266421,-99,HZ_MultiCarrier_Addon_Trial,3,2016-05-18,2018-01-26
41268020,1,HZ_MultiCarrier_Addon,1,2016-08-18,None
41268020,1,HZ_MultiCarrier_Addon_Trial,3,2016-05-18,2018-01-26
41268653,1,HZ_MultiCarrier_Addon,1,2016-08-18,None
41268653,1,HZ_MultiCarrier_Addon_Trial,3,2016-05-18,2018-01-26
41269148,-99,HZ_MultiCarrier_Addon,1,2016-08-18,None
41269148,-99,HZ_MultiCarrier_Addon_Trial,3,2016-05-18,2018-01-26
41269473,-2,HZ_MultiCarrier_Addon,1,2016-08-18,None
41269473,-2,HZ_MultiCarrier_Addon_Trial,3,2016-05-18,2018-01-26
41269968,-99,HZ_MultiCarrier_Addon,1,2016-08-18,None
41269968,-99,HZ_MultiCarrier_Addon_Trial,3,2016-05-18,2018-01-26
41271767,1,HZ_MultiCarrier_Addon,1,2016-08-18,None
41271767,1,HZ_MultiCarrier_Addon_Trial,3,2016-05-18,2018-01-26
41274158,-99,HZ_MultiCarrier_Addon,1,2016-08-18,None
41274158,-99,HZ_MultiCarrier_Addon_Trial,3,2016-05-18,2018-01-26
41275728,-99,HZ_MultiCarrier_Addon,2,2016-08-18,None
41275728,-99,HZ_MultiCarrier_Addon_Trial,3,2016-05-18,2018-01-26
41278810,-99,HZ_MultiCarrier_Addon,1,2016-08-18,None
41278810,-99,HZ_MultiCarrier_Addon_Trial,3,2016-05-18,2018-01-26
41279610,-99,HZ_MultiCarrier_Addon,1,2016-08-19,None
41279610,-99,HZ_MultiCarrier_Addon_Trial,3,2016-05-19,2018-01-26
41281174,-99,HZ_MultiCarrier_Addon,1,2016-08-19,None
41281174,-99,HZ_MultiCarrier_Addon_Trial,3,2016-05-19,2018-01-26
41282242,-99,HZ_MultiCarrier_Addon,1,2016-08-19,None
41282242,-99,HZ_MultiCarrier_Addon_Trial,3,2016-05-19,2018-01-26
41282864,-99,HZ_MultiCarrier_Addon,1,2016-08-19,None
41282864,-99,HZ_MultiCarrier_Addon_Trial,3,2016-05-19,2018-01-26
41283727,1,HZ_MultiCarrier_Addon,1,2016-08-19,None
41283727,1,HZ_MultiCarrier_Addon_Trial,3,2016-05-19,2018-01-26
41284192,-99,HZ_MultiCarrier_Addon,1,2016-06-01,None
41284299,1,HZ_MultiCarrier_Addon,1,2016-08-19,None
41284299,1,HZ_MultiCarrier_Addon_Trial,3,2016-05-19,2018-01-26
41284622,1,HZ_MultiCarrier_Addon,1,2017-08-17,None
41284626,1,HZ_MultiCarrier_Addon,-1,2016-08-19,2016-06-22
41284626,1,HZ_MultiCarrier_Addon_Trial,3,2016-05-19,2018-01-26
41285113,-3,HZ_MultiCarrier_Addon,1,2016-08-19,None
41285113,-3,HZ_MultiCarrier_Addon_Trial,3,2016-05-19,2018-01-26
41285777,-99,HZ_MultiCarrier_Addon,1,2016-08-19,None
41285777,-99,HZ_MultiCarrier_Addon_Trial,3,2016-05-19,2018-01-26
41285897,-99,HZ_MultiCarrier_Addon,1,2016-08-19,None
41285897,-99,HZ_MultiCarrier_Addon_Trial,3,2016-05-19,2018-01-26
41286220,1,HZ_MultiCarrier_Addon,-1,2016-07-13,2016-09-20
41286220,1,HZ_MultiCarrier_Addon_Trial,3,2016-07-13,2018-01-26
41286917,-99,HZ_MultiCarrier_Addon,2,2016-08-19,None
41286917,-99,HZ_MultiCarrier_Addon_Trial,3,2016-05-19,2018-01-26
41287561,1,HZ_MultiCarrier_Addon,1,2016-08-19,None
41287561,1,HZ_MultiCarrier_Addon_Trial,3,2016-05-19,2018-01-26
41288078,1,HZ_MultiCarrier_Addon,1,2016-08-19,None
41288078,1,HZ_MultiCarrier_Addon_Trial,3,2016-05-19,2018-01-26
41289075,1,HZ_MultiCarrier_Addon,1,2016-08-19,None
41289075,1,HZ_MultiCarrier_Addon_Trial,3,2016-05-19,2018-01-26
41293702,1,HZ_MultiCarrier_Addon,1,2016-08-19,None
41293702,1,HZ_MultiCarrier_Addon_Trial,3,2016-05-19,2018-01-26
41294213,-99,HZ_MultiCarrier_Addon,1,2016-08-20,None
41294213,-99,HZ_MultiCarrier_Addon_Trial,3,2016-05-20,2018-01-26
41296269,-99,HZ_MultiCarrier_Addon,1,2016-08-20,None
41296269,-99,HZ_MultiCarrier_Addon_Trial,3,2016-05-20,2018-01-26
41296419,1,HZ_MultiCarrier_Addon,1,2016-08-20,None
41296419,1,HZ_MultiCarrier_Addon_Trial,3,2016-05-20,2018-01-26
41297623,-99,HZ_MultiCarrier_Addon,2,2016-08-20,None
41297623,-99,HZ_MultiCarrier_Addon_Trial,3,2016-05-20,2018-01-26
41297953,-99,HZ_MultiCarrier_Addon,2,2016-08-20,None
41297953,-99,HZ_MultiCarrier_Addon_Trial,3,2016-05-20,2018-01-26
41301355,1,HZ_MultiCarrier_Addon,1,2016-08-20,None
41301355,1,HZ_MultiCarrier_Addon_Trial,3,2016-05-20,2018-01-26
41304172,1,HZ_MultiCarrier_Addon,1,2016-08-20,None
41304172,1,HZ_MultiCarrier_Addon_Trial,3,2016-05-20,2018-01-26
41316445,-99,HZ_MultiCarrier_Addon,1,2016-08-21,None
41316445,-99,HZ_MultiCarrier_Addon_Trial,3,2016-05-21,2018-01-26
41323295,-99,HZ_MultiCarrier_Addon,1,2016-08-21,None
41323295,-99,HZ_MultiCarrier_Addon_Trial,3,2016-05-21,2018-01-26
41330141,1,HZ_MultiCarrier_Addon,1,2016-08-22,None
41330141,1,HZ_MultiCarrier_Addon_Trial,3,2016-05-22,2018-01-26
41334600,-99,HZ_MultiCarrier_Addon,1,2016-08-22,None
41334600,-99,HZ_MultiCarrier_Addon_Trial,3,2016-05-22,2018-01-26
41339447,-99,HZ_MultiCarrier_Addon,1,2016-08-22,None
41339447,-99,HZ_MultiCarrier_Addon_Trial,3,2016-05-22,2018-01-26
41343491,1,HZ_MultiCarrier_Addon,1,2016-08-23,None
41343491,1,HZ_MultiCarrier_Addon_Trial,3,2016-05-23,2018-01-26
41343573,-99,HZ_MultiCarrier_Addon,1,2016-08-23,None
41343573,-99,HZ_MultiCarrier_Addon_Trial,3,2016-05-23,2018-01-26
41344103,1,HZ_MultiCarrier_Addon,1,2016-08-23,None
41344103,1,HZ_MultiCarrier_Addon_Trial,3,2016-05-23,2018-01-26
41344750,-99,HZ_MultiCarrier_Addon,1,2016-08-23,None
41344750,-99,HZ_MultiCarrier_Addon_Trial,3,2016-05-23,2018-01-26
41345313,-99,HZ_MultiCarrier_Addon,1,2016-08-23,None
41345313,-99,HZ_MultiCarrier_Addon_Trial,3,2016-05-23,2018-01-26
41346222,-2,HZ_MultiCarrier_Addon,1,2016-08-23,None
41346222,-2,HZ_MultiCarrier_Addon_Trial,3,2016-05-23,2018-01-26
41346300,-99,HZ_MultiCarrier_Addon,1,2016-08-23,None
41346300,-99,HZ_MultiCarrier_Addon_Trial,3,2016-05-23,2018-01-26
41346320,-99,HZ_MultiCarrier_Addon,1,2016-08-23,None
41346320,-99,HZ_MultiCarrier_Addon_Trial,3,2016-05-23,2018-01-26
41347011,-2,HZ_MultiCarrier_Addon,1,2016-08-23,None
41347011,-2,HZ_MultiCarrier_Addon_Trial,3,2016-05-23,2018-01-26
41347103,1,HZ_MultiCarrier_Addon,1,2016-08-23,None
41347103,1,HZ_MultiCarrier_Addon_Trial,3,2016-05-23,2018-01-26
41347137,1,HZ_MultiCarrier_Addon,2,2016-09-01,None
41347137,1,HZ_MultiCarrier_Addon_Trial,3,2016-06-01,2018-01-26
41347610,1,HZ_MultiCarrier_Addon,1,2016-08-23,None
41347610,1,HZ_MultiCarrier_Addon_Trial,3,2016-05-23,2018-01-26
41348431,1,HZ_MultiCarrier_Addon,1,2016-08-23,None
41348431,1,HZ_MultiCarrier_Addon_Trial,3,2016-05-23,2018-01-26
41349155,-2,HZ_MultiCarrier_Addon,1,2016-08-23,None
41349155,-2,HZ_MultiCarrier_Addon_Trial,3,2016-05-23,2018-01-26
41356335,1,HZ_MultiCarrier_Addon,-1,2016-08-24,2016-08-24
41356335,1,HZ_MultiCarrier_Addon_Trial,3,2016-05-24,2018-01-26
41356906,-3,HZ_MultiCarrier_Addon,1,2016-08-24,None
41356906,-3,HZ_MultiCarrier_Addon_Trial,3,2016-05-24,2018-01-26
41357245,-99,HZ_MultiCarrier_Addon,1,2016-08-24,None
41357245,-99,HZ_MultiCarrier_Addon_Trial,3,2016-05-24,2018-01-26
41357321,1,HZ_MultiCarrier_Addon,1,2016-08-24,None
41357321,1,HZ_MultiCarrier_Addon_Trial,3,2016-05-24,2018-01-26
41357898,-3,HZ_MultiCarrier_Addon,1,2016-08-24,None
41357898,-3,HZ_MultiCarrier_Addon_Trial,3,2016-05-24,2018-01-26
41358339,-99,HZ_MultiCarrier_Addon,1,2016-08-24,None
41358339,-99,HZ_MultiCarrier_Addon_Trial,3,2016-05-24,2018-01-26
41358385,-99,HZ_MultiCarrier_Addon,1,2016-08-24,None
41358385,-99,HZ_MultiCarrier_Addon_Trial,3,2016-05-24,2018-01-26
41358760,-99,HZ_MultiCarrier_Addon,1,2016-08-24,None
41358760,-99,HZ_MultiCarrier_Addon_Trial,3,2016-05-24,2018-01-26
41358775,1,HZ_MultiCarrier_Addon,1,2016-08-24,None
41358775,1,HZ_MultiCarrier_Addon_Trial,3,2016-05-24,2018-01-26
41359339,1,HZ_MultiCarrier_Addon,1,2016-08-24,None
41359339,1,HZ_MultiCarrier_Addon_Trial,3,2016-05-24,2018-01-26
41359587,-2,HZ_MultiCarrier_Addon,1,2016-08-24,None
41359587,-2,HZ_MultiCarrier_Addon_Trial,3,2016-05-24,2018-01-26
41359928,1,HZ_MultiCarrier_Addon,1,2016-08-24,None
41359928,1,HZ_MultiCarrier_Addon_Trial,3,2016-05-24,2018-01-26
41360239,1,HZ_MultiCarrier_Addon,1,2016-08-24,None
41360239,1,HZ_MultiCarrier_Addon_Trial,3,2016-05-24,2018-01-26
41360650,1,HZ_MultiCarrier_Addon,1,2016-08-24,None
41360650,1,HZ_MultiCarrier_Addon_Trial,3,2016-05-24,2018-01-26
41361315,-99,HZ_MultiCarrier_Addon,1,2016-08-24,None
41361315,-99,HZ_MultiCarrier_Addon_Trial,3,2016-05-24,2018-01-26
41361476,-99,HZ_MultiCarrier_Addon,1,2016-08-24,None
41361476,-99,HZ_MultiCarrier_Addon_Trial,3,2016-05-24,2018-01-26
41361541,1,HZ_MultiCarrier_Addon,1,2016-08-24,None
41361541,1,HZ_MultiCarrier_Addon_Trial,3,2016-05-24,2018-01-26
41362263,-99,HZ_MultiCarrier_Addon,1,2016-08-24,None
41362263,-99,HZ_MultiCarrier_Addon_Trial,3,2016-05-24,2018-01-26
41367012,-99,HZ_MultiCarrier_Addon,1,2016-08-25,None
41367012,-99,HZ_MultiCarrier_Addon_Trial,3,2016-05-25,2018-01-26
41368576,-99,HZ_MultiCarrier_Addon,1,2016-08-25,None
41368576,-99,HZ_MultiCarrier_Addon_Trial,3,2016-05-25,2018-01-26
41370018,-99,HZ_MultiCarrier_Addon,2,2016-08-25,None
41370018,-99,HZ_MultiCarrier_Addon_Trial,3,2016-05-25,2018-01-26
41370066,-99,HZ_MultiCarrier_Addon,2,2016-08-25,None
41370066,-99,HZ_MultiCarrier_Addon_Trial,3,2016-05-25,2018-01-26
41370405,1,HZ_MultiCarrier_Addon,1,2016-08-25,None
41370405,1,HZ_MultiCarrier_Addon_Trial,3,2016-05-25,2018-01-26
41371112,-99,HZ_MultiCarrier_Addon,1,2016-08-25,None
41371112,-99,HZ_MultiCarrier_Addon_Trial,3,2016-05-25,2018-01-26
41373444,-99,HZ_MultiCarrier_Addon,1,2016-08-25,None
41373444,-99,HZ_MultiCarrier_Addon_Trial,3,2016-05-25,2018-01-26
41373751,-99,HZ_MultiCarrier_Addon,1,2016-08-25,None
41373751,-99,HZ_MultiCarrier_Addon_Trial,3,2016-05-25,2018-01-26
41383864,-99,HZ_MultiCarrier_Addon,1,2016-08-26,None
41383864,-99,HZ_MultiCarrier_Addon_Trial,3,2016-05-26,2018-01-26
41384844,-99,HZ_MultiCarrier_Addon,2,2016-08-26,None
41384844,-99,HZ_MultiCarrier_Addon_Trial,3,2016-05-26,2018-01-26
41385146,-99,HZ_MultiCarrier_Addon,2,2016-08-26,None
41385146,-99,HZ_MultiCarrier_Addon_Trial,3,2016-05-26,2018-01-26
41385360,-99,HZ_MultiCarrier_Addon,2,2016-08-26,None
41385360,-99,HZ_MultiCarrier_Addon_Trial,3,2016-05-26,2018-01-26
41385433,-99,HZ_MultiCarrier_Addon,1,2016-08-26,None
41385433,-99,HZ_MultiCarrier_Addon_Trial,3,2016-05-26,2018-01-26
41386717,-99,HZ_MultiCarrier_Addon,1,2016-08-26,None
41386717,-99,HZ_MultiCarrier_Addon_Trial,3,2016-05-26,2018-01-26
41388284,-99,HZ_MultiCarrier_Addon,1,2016-08-26,None
41388284,-99,HZ_MultiCarrier_Addon_Trial,3,2016-05-26,2018-01-26
41390340,-99,HZ_MultiCarrier_Addon,1,2016-08-26,None
41390340,-99,HZ_MultiCarrier_Addon_Trial,3,2016-05-26,2018-01-26
41394333,-99,HZ_MultiCarrier_Addon,1,2016-08-27,None
41394333,-99,HZ_MultiCarrier_Addon_Trial,3,2016-05-27,2018-01-26
41395752,-99,HZ_MultiCarrier_Addon,1,2016-08-27,None
41395752,-99,HZ_MultiCarrier_Addon_Trial,3,2016-05-27,2018-01-26
41396456,-99,HZ_MultiCarrier_Addon,1,2016-08-27,None
41396456,-99,HZ_MultiCarrier_Addon_Trial,3,2016-05-27,2018-01-26
41396466,1,HZ_MultiCarrier_Addon,1,2016-08-27,None
41396466,1,HZ_MultiCarrier_Addon_Trial,3,2016-05-27,2018-01-26
41396971,-3,HZ_MultiCarrier_Addon,1,2016-08-27,None
41396971,-3,HZ_MultiCarrier_Addon_Trial,3,2016-05-27,2018-01-26
41397281,1,HZ_MultiCarrier_Addon,-1,2016-08-27,2016-10-10
41397281,1,HZ_MultiCarrier_Addon_Trial,3,2016-05-27,2018-01-26
41415053,1,HZ_MultiCarrier_Addon,-1,2016-08-28,2016-09-30
41415053,1,HZ_MultiCarrier_Addon_Trial,3,2016-05-28,2018-01-26
41419473,-99,HZ_MultiCarrier_Addon,2,2016-08-28,None
41419473,-99,HZ_MultiCarrier_Addon_Trial,3,2016-05-28,2018-01-26
41422716,-99,HZ_MultiCarrier_Addon,2,2016-08-28,None
41422716,-99,HZ_MultiCarrier_Addon_Trial,3,2016-05-28,2018-01-26
41424957,-99,HZ_MultiCarrier_Addon,1,2016-08-29,None
41424957,-99,HZ_MultiCarrier_Addon_Trial,3,2016-05-29,2018-01-26
41438575,-3,HZ_MultiCarrier_Addon,1,2017-02-07,None
41440593,-99,HZ_MultiCarrier_Addon,1,2016-08-30,None
41440593,-99,HZ_MultiCarrier_Addon_Trial,3,2016-05-30,2018-01-26
41456665,1,HZ_MultiCarrier_Addon,1,2016-08-31,None
41456665,1,HZ_MultiCarrier_Addon_Trial,3,2016-05-31,2018-01-26
41457130,1,HZ_MultiCarrier_Addon,1,2016-08-31,None
41457130,1,HZ_MultiCarrier_Addon_Trial,3,2016-05-31,2018-01-26
41457429,-99,HZ_MultiCarrier_Addon,1,2016-08-31,None
41457429,-99,HZ_MultiCarrier_Addon_Trial,3,2016-05-31,2018-01-26
41458552,1,HZ_MultiCarrier_Addon,1,2016-08-31,None
41458552,1,HZ_MultiCarrier_Addon_Trial,3,2016-05-31,2018-01-26
41459592,-3,HZ_MultiCarrier_Addon,1,2016-08-31,None
41459592,-3,HZ_MultiCarrier_Addon_Trial,3,2016-05-31,2018-01-26
41459679,-2,HZ_MultiCarrier_Addon,1,2016-08-31,None
41459679,-2,HZ_MultiCarrier_Addon_Trial,3,2016-05-31,2018-01-26
41459787,-99,HZ_MultiCarrier_Addon,2,2016-08-31,None
41459787,-99,HZ_MultiCarrier_Addon_Trial,3,2016-05-31,2018-01-26
41460358,-99,HZ_MultiCarrier_Addon,1,2016-08-31,None
41460358,-99,HZ_MultiCarrier_Addon_Trial,3,2016-05-31,2018-01-26
41471194,1,HZ_MultiCarrier_Addon,1,2016-09-01,None
41471194,1,HZ_MultiCarrier_Addon_Trial,3,2016-06-01,2018-01-26
41471280,1,HZ_MultiCarrier_Addon,1,2016-09-01,None
41471280,1,HZ_MultiCarrier_Addon_Trial,3,2016-06-01,2018-01-26
41472696,-99,HZ_MultiCarrier_Addon,2,2016-09-01,None
41472696,-99,HZ_MultiCarrier_Addon_Trial,3,2016-06-01,2018-01-26
41472864,1,HZ_MultiCarrier_Addon,-1,2016-09-01,2017-07-21
41472864,1,HZ_MultiCarrier_Addon_Trial,3,2016-06-01,2018-01-26
41473767,1,HZ_MultiCarrier_Addon,-1,2016-09-01,2016-09-02
41473767,1,HZ_MultiCarrier_Addon_Trial,3,2016-06-01,2018-01-26
41474217,1,HZ_MultiCarrier_Addon,-1,2016-09-01,2017-01-18
41474217,1,HZ_MultiCarrier_Addon_Trial,3,2016-06-01,2018-01-26
41477484,-99,HZ_MultiCarrier_Addon,1,2016-09-01,None
41477484,-99,HZ_MultiCarrier_Addon_Trial,3,2016-06-01,2018-01-26
41478407,-99,HZ_MultiCarrier_Addon,2,2016-09-01,None
41478407,-99,HZ_MultiCarrier_Addon_Trial,3,2016-06-01,2018-01-26
41478615,-99,HZ_MultiCarrier_Addon,1,2016-09-01,None
41478615,-99,HZ_MultiCarrier_Addon_Trial,3,2016-06-01,2018-01-26
41484011,1,HZ_MultiCarrier_Addon,1,2016-09-02,None
41484011,1,HZ_MultiCarrier_Addon_Trial,3,2016-06-02,2018-01-26
41484161,1,HZ_MultiCarrier_Addon,1,2016-09-02,None
41484161,1,HZ_MultiCarrier_Addon_Trial,3,2016-06-02,2018-01-26
41485221,-99,HZ_MultiCarrier_Addon,1,2016-09-02,None
41485221,-99,HZ_MultiCarrier_Addon_Trial,3,2016-06-02,2018-01-26
41485828,1,HZ_MultiCarrier_Addon,1,2016-09-02,None
41485828,1,HZ_MultiCarrier_Addon_Trial,3,2016-06-02,2018-01-26
41486785,-99,HZ_MultiCarrier_Addon,1,2016-09-02,None
41486785,-99,HZ_MultiCarrier_Addon_Trial,3,2016-06-02,2018-01-26
41486983,-99,HZ_MultiCarrier_Addon,1,2016-09-02,None
41486983,-99,HZ_MultiCarrier_Addon_Trial,3,2016-06-02,2018-01-26
41498504,1,HZ_MultiCarrier_Addon,1,2016-09-03,None
41498504,1,HZ_MultiCarrier_Addon_Trial,3,2016-06-03,2018-01-26
41498703,1,HZ_MultiCarrier_Addon,1,2016-09-03,None
41498703,1,HZ_MultiCarrier_Addon_Trial,3,2016-06-03,2018-01-26
41499530,-99,HZ_MultiCarrier_Addon,1,2016-09-03,None
41499530,-99,HZ_MultiCarrier_Addon_Trial,3,2016-06-03,2018-01-26
41499778,-99,HZ_MultiCarrier_Addon,1,2016-09-03,None
41499778,-99,HZ_MultiCarrier_Addon_Trial,3,2016-06-03,2018-01-26
41504701,-99,HZ_MultiCarrier_Addon,1,2016-09-03,None
41504701,-99,HZ_MultiCarrier_Addon_Trial,3,2016-06-03,2018-01-26
41509517,-99,HZ_MultiCarrier_Addon,2,2016-09-03,None
41509517,-99,HZ_MultiCarrier_Addon_Trial,3,2016-06-03,2018-01-26
41538789,-99,HZ_MultiCarrier_Addon,1,2016-09-05,None
41538789,-99,HZ_MultiCarrier_Addon_Trial,3,2016-06-05,2018-01-26
41545953,-99,HZ_MultiCarrier_Addon,1,2016-09-06,None
41545953,-99,HZ_MultiCarrier_Addon_Trial,3,2016-06-06,2018-01-26
41545967,-99,HZ_MultiCarrier_Addon,2,2016-09-06,None
41545967,-99,HZ_MultiCarrier_Addon_Trial,3,2016-06-06,2018-01-26
41546310,1,HZ_MultiCarrier_Addon,1,2016-09-06,None
41546310,1,HZ_MultiCarrier_Addon_Trial,3,2016-06-06,2018-01-26
41550036,-99,HZ_MultiCarrier_Addon,2,2016-09-06,None
41550036,-99,HZ_MultiCarrier_Addon_Trial,3,2016-06-06,2018-01-26
41551264,1,HZ_MultiCarrier_Addon,1,2016-09-06,None
41551264,1,HZ_MultiCarrier_Addon_Trial,3,2016-06-06,2018-01-26
41551326,-3,HZ_MultiCarrier_Addon,1,2016-09-06,None
41551326,-3,HZ_MultiCarrier_Addon_Trial,3,2016-06-06,2018-01-26
41551403,1,HZ_MultiCarrier_Addon,2,2016-10-15,None
41551403,1,HZ_MultiCarrier_Addon_Trial,3,2016-07-15,2018-01-26
41552874,-99,HZ_MultiCarrier_Addon,1,2016-09-06,None
41552874,-99,HZ_MultiCarrier_Addon_Trial,3,2016-06-06,2018-01-26
41559446,-99,HZ_MultiCarrier_Addon,1,2016-09-07,None
41559446,-99,HZ_MultiCarrier_Addon_Trial,3,2016-06-07,2018-01-26
41561191,1,HZ_MultiCarrier_Addon,1,2016-09-07,None
41561191,1,HZ_MultiCarrier_Addon_Trial,3,2016-06-07,2018-01-26
41561258,-3,HZ_MultiCarrier_Addon,1,2017-08-09,None
41561578,-99,HZ_MultiCarrier_Addon,1,2016-09-07,None
41561578,-99,HZ_MultiCarrier_Addon_Trial,3,2016-06-07,2018-01-26
41561634,1,HZ_MultiCarrier_Addon,1,2016-09-07,None
41561634,1,HZ_MultiCarrier_Addon_Trial,3,2016-06-07,2018-01-26
41562176,-99,HZ_MultiCarrier_Addon,1,2016-09-07,None
41562176,-99,HZ_MultiCarrier_Addon_Trial,3,2016-06-07,2018-01-26
41562858,-99,HZ_MultiCarrier_Addon,1,2016-09-07,None
41562858,-99,HZ_MultiCarrier_Addon_Trial,3,2016-06-07,2018-01-26
41568925,-99,HZ_MultiCarrier_Addon,1,2016-09-07,None
41568925,-99,HZ_MultiCarrier_Addon_Trial,3,2016-06-07,2018-01-26
41569859,-99,HZ_MultiCarrier_Addon,2,2016-09-07,None
41569859,-99,HZ_MultiCarrier_Addon_Trial,3,2016-06-07,2018-01-26
41573632,-99,HZ_MultiCarrier_Addon,2,2016-09-08,None
41573632,-99,HZ_MultiCarrier_Addon_Trial,3,2016-06-08,2018-01-26
41573899,1,HZ_MultiCarrier_Addon,1,2016-09-08,None
41573899,1,HZ_MultiCarrier_Addon_Trial,3,2016-06-08,2018-01-26
41575472,-99,HZ_MultiCarrier_Addon,2,2016-09-08,None
41575472,-99,HZ_MultiCarrier_Addon_Trial,3,2016-06-08,2018-01-26
41575477,-99,HZ_MultiCarrier_Addon,1,2016-09-08,None
41575477,-99,HZ_MultiCarrier_Addon_Trial,3,2016-06-08,2018-01-26
41577236,-99,HZ_MultiCarrier_Addon,1,2016-09-08,None
41577236,-99,HZ_MultiCarrier_Addon_Trial,3,2016-06-08,2018-01-26
41586366,-99,HZ_MultiCarrier_Addon,1,2016-09-09,None
41586366,-99,HZ_MultiCarrier_Addon_Trial,3,2016-06-09,2018-01-26
41587705,-99,HZ_MultiCarrier_Addon,2,2016-09-09,None
41587705,-99,HZ_MultiCarrier_Addon_Trial,3,2016-06-09,2018-01-26
41587728,-99,HZ_MultiCarrier_Addon,1,2016-09-09,None
41587728,-99,HZ_MultiCarrier_Addon_Trial,3,2016-06-09,2018-01-26
41587866,-99,HZ_MultiCarrier_Addon,1,2016-09-09,None
41587866,-99,HZ_MultiCarrier_Addon_Trial,3,2016-06-09,2018-01-26
41589929,1,HZ_MultiCarrier_Addon,1,2016-09-09,None
41589929,1,HZ_MultiCarrier_Addon_Trial,3,2016-06-09,2018-01-26
41591874,1,HZ_MultiCarrier_Addon,1,2016-09-09,None
41591874,1,HZ_MultiCarrier_Addon_Trial,3,2016-06-09,2018-01-26
41592298,1,HZ_MultiCarrier_Addon,1,2016-09-09,None
41592298,1,HZ_MultiCarrier_Addon_Trial,3,2016-06-09,2018-01-26
41595599,-99,HZ_MultiCarrier_Addon,1,2016-09-09,None
41595599,-99,HZ_MultiCarrier_Addon_Trial,3,2016-06-09,2018-01-26
41598749,-99,HZ_MultiCarrier_Addon,1,2016-09-09,None
41598749,-99,HZ_MultiCarrier_Addon_Trial,3,2016-06-09,2018-01-26
41600859,-99,HZ_MultiCarrier_Addon,1,2016-09-10,None
41600859,-99,HZ_MultiCarrier_Addon_Trial,3,2016-06-10,2018-01-26
41601697,-3,HZ_MultiCarrier_Addon,1,2016-09-10,None
41601697,-3,HZ_MultiCarrier_Addon_Trial,3,2016-06-10,2018-01-26
41601897,-99,HZ_MultiCarrier_Addon,1,2016-09-10,None
41601897,-99,HZ_MultiCarrier_Addon_Trial,3,2016-06-10,2018-01-26
41602261,-99,HZ_MultiCarrier_Addon,1,2016-06-10,None
41604269,1,HZ_MultiCarrier_Addon,1,2016-09-10,None
41604269,1,HZ_MultiCarrier_Addon_Trial,3,2016-06-10,2018-01-26
41606595,-99,HZ_MultiCarrier_Addon,1,2016-08-18,None
41614069,-1,HZ_MultiCarrier_Addon,1,2016-09-10,None
41614069,-1,HZ_MultiCarrier_Addon_Trial,3,2016-06-10,2018-01-26
41614107,-99,HZ_MultiCarrier_Addon,1,2016-09-10,None
41614107,-99,HZ_MultiCarrier_Addon_Trial,3,2016-06-10,2018-01-26
41618732,1,HZ_MultiCarrier_Addon,1,2016-09-11,None
41618732,1,HZ_MultiCarrier_Addon_Trial,3,2016-06-11,2018-01-26
41621758,1,HZ_MultiCarrier_Addon,1,2016-09-11,None
41621758,1,HZ_MultiCarrier_Addon_Trial,3,2016-06-11,2018-01-26
41626827,-99,HZ_MultiCarrier_Addon,1,2016-09-11,None
41626827,-99,HZ_MultiCarrier_Addon_Trial,3,2016-06-11,2018-01-26
41638327,-99,HZ_MultiCarrier_Addon,1,2016-09-12,None
41638327,-99,HZ_MultiCarrier_Addon_Trial,3,2016-06-12,2018-01-26
41648592,1,HZ_MultiCarrier_Addon,1,2016-09-12,None
41648592,1,HZ_MultiCarrier_Addon_Trial,3,2016-06-12,2018-01-26
41651629,1,HZ_MultiCarrier_Addon,1,2016-09-13,None
41651629,1,HZ_MultiCarrier_Addon_Trial,3,2016-06-13,2018-01-26
41653054,1,HZ_MultiCarrier_Addon,1,2016-09-13,None
41653054,1,HZ_MultiCarrier_Addon_Trial,3,2016-06-13,2018-01-26
41653820,-99,HZ_MultiCarrier_Addon,1,2016-09-13,None
41653820,-99,HZ_MultiCarrier_Addon_Trial,3,2016-06-13,2018-01-26
41654612,1,HZ_MultiCarrier_Addon,-1,2016-09-13,2017-02-15
41654612,1,HZ_MultiCarrier_Addon_Trial,3,2016-06-13,2018-01-26
41658271,1,HZ_MultiCarrier_Addon,1,2016-09-13,None
41658271,1,HZ_MultiCarrier_Addon_Trial,3,2016-06-13,2018-01-26
41663865,-2,HZ_MultiCarrier_Addon,1,2016-09-14,None
41663865,-2,HZ_MultiCarrier_Addon_Trial,3,2016-06-14,2018-01-26
41664658,-99,HZ_MultiCarrier_Addon,1,2016-09-14,None
41664658,-99,HZ_MultiCarrier_Addon_Trial,3,2016-06-14,2018-01-26
41665998,1,HZ_MultiCarrier_Addon,-1,2016-09-14,2016-09-09
41665998,1,HZ_MultiCarrier_Addon_Trial,3,2016-06-14,2018-01-26
41668074,1,HZ_MultiCarrier_Addon,1,2017-04-07,None
41668074,1,HZ_MultiCarrier_Addon_Trial,3,2016-06-14,2018-01-26
41668325,-99,HZ_MultiCarrier_Addon,1,2016-09-14,None
41668325,-99,HZ_MultiCarrier_Addon_Trial,3,2016-06-14,2018-01-26
41668507,1,HZ_MultiCarrier_Addon,1,2016-09-14,None
41668507,1,HZ_MultiCarrier_Addon_Trial,3,2016-06-14,2018-01-26
41669214,1,HZ_MultiCarrier_Addon,1,2017-01-05,None
41672961,-99,HZ_MultiCarrier_Addon,2,2016-09-14,None
41672961,-99,HZ_MultiCarrier_Addon_Trial,3,2016-06-14,2018-01-26
41673861,-99,HZ_MultiCarrier_Addon,1,2016-09-14,None
41673861,-99,HZ_MultiCarrier_Addon_Trial,3,2016-06-14,2018-01-26
41678433,-99,HZ_MultiCarrier_Addon,1,2016-09-15,None
41678433,-99,HZ_MultiCarrier_Addon_Trial,3,2016-06-15,2018-01-26
41679916,-99,HZ_MultiCarrier_Addon,2,2016-09-15,None
41679916,-99,HZ_MultiCarrier_Addon_Trial,3,2016-06-15,2018-01-26
41682337,1,HZ_MultiCarrier_Addon,1,2016-09-15,None
41682337,1,HZ_MultiCarrier_Addon_Trial,3,2016-06-15,2018-01-26
41682909,-99,HZ_MultiCarrier_Addon,1,2016-09-15,None
41682909,-99,HZ_MultiCarrier_Addon_Trial,3,2016-06-15,2018-01-26
41686514,1,HZ_MultiCarrier_Addon,-1,2016-09-15,2016-09-08
41686514,1,HZ_MultiCarrier_Addon_Trial,3,2016-06-15,2018-01-26
41688248,-99,HZ_MultiCarrier_Addon,1,2016-09-15,None
41688248,-99,HZ_MultiCarrier_Addon_Trial,3,2016-06-15,2018-01-26
41689846,-99,HZ_MultiCarrier_Addon,2,2016-09-15,None
41689846,-99,HZ_MultiCarrier_Addon_Trial,3,2016-06-15,2018-01-26
41692981,1,HZ_MultiCarrier_Addon,1,2016-09-16,None
41692981,1,HZ_MultiCarrier_Addon_Trial,3,2016-06-16,2018-01-26
41695338,1,HZ_MultiCarrier_Addon,1,2017-02-20,None
41696238,-99,HZ_MultiCarrier_Addon,1,2016-09-16,None
41696238,-99,HZ_MultiCarrier_Addon_Trial,3,2016-06-16,2018-01-26
41696360,-99,HZ_MultiCarrier_Addon,2,2016-09-16,None
41696360,-99,HZ_MultiCarrier_Addon_Trial,3,2016-06-16,2018-01-26
41696935,1,HZ_MultiCarrier_Addon,1,2016-09-16,None
41696935,1,HZ_MultiCarrier_Addon_Trial,3,2016-06-16,2018-01-26
41697087,1,HZ_MultiCarrier_Addon,1,2016-09-16,None
41697087,1,HZ_MultiCarrier_Addon_Trial,3,2016-06-16,2018-01-26
41697968,-99,HZ_MultiCarrier_Addon,1,2016-09-16,None
41697968,-99,HZ_MultiCarrier_Addon_Trial,3,2016-06-16,2018-01-26
41698465,-99,HZ_MultiCarrier_Addon,1,2016-09-16,None
41698465,-99,HZ_MultiCarrier_Addon_Trial,3,2016-06-16,2018-01-26
41698535,-99,HZ_MultiCarrier_Addon,1,2016-09-16,None
41698535,-99,HZ_MultiCarrier_Addon_Trial,3,2016-06-16,2018-01-26
41698576,-99,HZ_MultiCarrier_Addon,2,2016-09-16,None
41698576,-99,HZ_MultiCarrier_Addon_Trial,3,2016-06-16,2018-01-26
41698867,1,HZ_MultiCarrier_Addon,1,2017-04-06,None
41699036,1,HZ_MultiCarrier_Addon,-1,2017-07-05,2017-07-06
41699444,1,HZ_MultiCarrier_Addon,1,2017-10-12,None
41700226,1,HZ_MultiCarrier_Addon,-1,2016-09-16,2016-09-20
41700226,1,HZ_MultiCarrier_Addon_Trial,3,2016-06-16,2018-01-26
41708993,-99,HZ_MultiCarrier_Addon,1,2016-09-20,None
41708993,-99,HZ_MultiCarrier_Addon_Trial,3,2016-06-17,2018-01-26
41710185,-99,HZ_MultiCarrier_Addon,1,2016-09-20,None
41710185,-99,HZ_MultiCarrier_Addon_Trial,3,2016-06-17,2018-01-26
41710229,1,HZ_MultiCarrier_Addon,1,2016-09-17,None
41710229,1,HZ_MultiCarrier_Addon_Trial,3,2016-06-17,2018-01-26
41713613,-99,HZ_MultiCarrier_Addon,1,2016-09-17,None
41713613,-99,HZ_MultiCarrier_Addon_Trial,3,2016-06-17,2018-01-26
41715109,-99,HZ_MultiCarrier_Addon,2,2016-09-17,None
41715109,-99,HZ_MultiCarrier_Addon_Trial,3,2016-06-17,2018-01-26
41719237,-99,HZ_MultiCarrier_Addon,1,2016-09-20,None
41719237,-99,HZ_MultiCarrier_Addon_Trial,3,2016-06-17,2018-01-26
41725284,-99,HZ_MultiCarrier_Addon,1,2016-09-18,None
41725284,-99,HZ_MultiCarrier_Addon_Trial,3,2016-06-18,2018-01-26
41750459,-99,HZ_MultiCarrier_Addon,1,2016-09-19,None
41750459,-99,HZ_MultiCarrier_Addon_Trial,3,2016-06-19,2018-01-26
41762203,1,HZ_MultiCarrier_Addon,1,2016-09-20,None
41762203,1,HZ_MultiCarrier_Addon_Trial,3,2016-06-20,2018-01-26
41763809,-99,HZ_MultiCarrier_Addon,1,2016-10-01,None
41763809,-99,HZ_MultiCarrier_Addon_Trial,3,2016-06-20,2018-01-26
41764657,1,HZ_MultiCarrier_Addon,1,2016-09-20,None
41764657,1,HZ_MultiCarrier_Addon_Trial,3,2016-06-20,2018-01-26
41766692,-99,HZ_MultiCarrier_Addon,1,2016-09-20,None
41766692,-99,HZ_MultiCarrier_Addon_Trial,3,2016-06-20,2018-01-26
41769274,1,HZ_MultiCarrier_Addon,1,2016-09-20,None
41769274,1,HZ_MultiCarrier_Addon_Trial,3,2016-06-20,2018-01-26
41779817,1,HZ_MultiCarrier_Addon,1,2016-07-18,None
41779817,1,HZ_MultiCarrier_Addon_Trial,3,2016-07-18,2018-01-26
41780089,-99,HZ_MultiCarrier_Addon,1,2016-09-21,None
41780089,-99,HZ_MultiCarrier_Addon_Trial,3,2016-06-21,2018-01-26
41780407,1,HZ_MultiCarrier_Addon,1,2016-09-21,None
41780407,1,HZ_MultiCarrier_Addon_Trial,3,2016-06-21,2018-01-26
41781300,-3,HZ_MultiCarrier_Addon,1,2017-02-06,None
41781327,1,HZ_MultiCarrier_Addon,1,2016-09-21,None
41781327,1,HZ_MultiCarrier_Addon_Trial,3,2016-06-21,2018-01-26
41789042,1,HZ_MultiCarrier_Addon,1,2016-09-21,None
41789042,1,HZ_MultiCarrier_Addon_Trial,3,2016-06-21,2018-01-26
41791186,-99,HZ_MultiCarrier_Addon,2,2016-09-22,None
41791186,-99,HZ_MultiCarrier_Addon_Trial,3,2016-06-22,2018-01-26
41791351,-2,HZ_MultiCarrier_Addon,1,2017-09-18,None
41792736,1,HZ_MultiCarrier_Addon,1,2017-05-31,None
41792748,-99,HZ_MultiCarrier_Addon,1,2016-09-22,None
41792748,-99,HZ_MultiCarrier_Addon_Trial,3,2016-06-22,2018-01-26
41793726,-1,HZ_MultiCarrier_Addon,1,2016-09-22,None
41793726,-1,HZ_MultiCarrier_Addon_Trial,3,2016-06-22,2018-01-26
41794562,1,HZ_MultiCarrier_Addon,1,2016-09-22,None
41794562,1,HZ_MultiCarrier_Addon_Trial,3,2016-06-22,2018-01-26
41795411,-99,HZ_MultiCarrier_Addon,1,2016-09-22,None
41795411,-99,HZ_MultiCarrier_Addon_Trial,3,2016-06-22,2018-01-26
41795806,-99,HZ_MultiCarrier_Addon,2,2016-09-22,None
41795806,-99,HZ_MultiCarrier_Addon_Trial,3,2016-06-22,2018-01-26
41796138,-99,HZ_MultiCarrier_Addon,2,2016-09-22,None
41796138,-99,HZ_MultiCarrier_Addon_Trial,3,2016-06-22,2018-01-26
41797892,-2,HZ_MultiCarrier_Addon,1,2016-09-22,None
41797892,-2,HZ_MultiCarrier_Addon_Trial,3,2016-06-22,2018-01-26
41799157,1,HZ_MultiCarrier_Addon,1,2016-09-22,None
41799157,1,HZ_MultiCarrier_Addon_Trial,3,2016-06-22,2018-01-26
41804796,-99,HZ_MultiCarrier_Addon,1,2016-10-01,None
41804796,-99,HZ_MultiCarrier_Addon_Trial,3,2016-06-23,2018-01-26
41806618,1,HZ_MultiCarrier_Addon,1,2016-09-23,None
41806618,1,HZ_MultiCarrier_Addon_Trial,3,2016-06-23,2018-01-26
41806948,-99,HZ_MultiCarrier_Addon,1,2016-09-23,None
41806948,-99,HZ_MultiCarrier_Addon_Trial,3,2016-06-23,2018-01-26
41807777,1,HZ_MultiCarrier_Addon,1,2016-09-02,None
41807989,1,HZ_MultiCarrier_Addon,1,2016-06-30,None
41808114,-99,HZ_MultiCarrier_Addon,1,2016-09-23,None
41808114,-99,HZ_MultiCarrier_Addon_Trial,3,2016-06-23,2018-01-26
41808590,-99,HZ_MultiCarrier_Addon,2,2016-09-23,None
41808590,-99,HZ_MultiCarrier_Addon_Trial,3,2016-06-23,2018-01-26
41808886,-99,HZ_MultiCarrier_Addon,2,2016-09-23,None
41808886,-99,HZ_MultiCarrier_Addon_Trial,3,2016-06-23,2018-01-26
41812121,-3,HZ_MultiCarrier_Addon,1,2016-09-23,None
41812121,-3,HZ_MultiCarrier_Addon_Trial,3,2016-06-23,2018-01-26
41814484,1,HZ_MultiCarrier_Addon,1,2016-09-23,None
41814484,1,HZ_MultiCarrier_Addon_Trial,3,2016-06-23,2018-01-26
41816842,1,HZ_MultiCarrier_Addon,1,2016-09-23,None
41816842,1,HZ_MultiCarrier_Addon_Trial,3,2016-06-23,2018-01-26
41819499,-99,HZ_MultiCarrier_Addon,1,2016-09-24,None
41819499,-99,HZ_MultiCarrier_Addon_Trial,3,2016-06-24,2018-01-26
41821129,-99,HZ_MultiCarrier_Addon,1,2016-09-24,None
41821129,-99,HZ_MultiCarrier_Addon_Trial,3,2016-06-24,2018-01-26
41825469,1,HZ_MultiCarrier_Addon,1,2016-09-24,None
41825469,1,HZ_MultiCarrier_Addon_Trial,3,2016-06-24,2018-01-26
41834414,-99,HZ_MultiCarrier_Addon,1,2016-09-25,None
41834414,-99,HZ_MultiCarrier_Addon_Trial,3,2016-06-25,2018-01-26
41834904,-99,HZ_MultiCarrier_Addon,1,2016-09-25,None
41834904,-99,HZ_MultiCarrier_Addon_Trial,3,2016-06-25,2018-01-26
41835039,-99,HZ_MultiCarrier_Addon,1,2016-09-25,None
41835039,-99,HZ_MultiCarrier_Addon_Trial,3,2016-06-25,2018-01-26
41843130,-99,HZ_MultiCarrier_Addon,2,2016-09-25,None
41843130,-99,HZ_MultiCarrier_Addon_Trial,3,2016-06-25,2018-01-26
41846877,1,HZ_MultiCarrier_Addon,1,2017-10-16,None
41848904,-99,HZ_MultiCarrier_Addon,1,2016-09-26,None
41848904,-99,HZ_MultiCarrier_Addon_Trial,3,2016-06-26,2018-01-26
41851193,-2,HZ_MultiCarrier_Addon,1,2016-09-26,None
41851193,-2,HZ_MultiCarrier_Addon_Trial,3,2016-06-26,2018-01-26
41856414,1,HZ_MultiCarrier_Addon,1,2016-09-26,None
41856414,1,HZ_MultiCarrier_Addon_Trial,3,2016-06-26,2018-01-26
41863569,-99,HZ_MultiCarrier_Addon,1,2016-09-27,None
41863569,-99,HZ_MultiCarrier_Addon_Trial,3,2016-06-27,2018-01-26
41864949,1,HZ_MultiCarrier_Addon,1,2016-09-27,None
41864949,1,HZ_MultiCarrier_Addon_Trial,3,2016-06-27,2018-01-26
41866288,1,HZ_MultiCarrier_Addon,-1,2016-09-27,2016-08-23
41866288,1,HZ_MultiCarrier_Addon_Trial,3,2016-06-27,2018-01-26
41870098,1,HZ_MultiCarrier_Addon,1,2016-09-27,None
41870098,1,HZ_MultiCarrier_Addon_Trial,3,2016-06-27,2018-01-26
41876676,-99,HZ_MultiCarrier_Addon,2,2016-09-28,None
41876676,-99,HZ_MultiCarrier_Addon_Trial,3,2016-06-28,2018-01-26
41878042,1,HZ_MultiCarrier_Addon,1,2016-09-28,None
41878042,1,HZ_MultiCarrier_Addon_Trial,3,2016-06-28,2018-01-26
41878183,-99,HZ_MultiCarrier_Addon,1,2016-09-28,None
41878183,-99,HZ_MultiCarrier_Addon_Trial,3,2016-06-28,2018-01-26
41878376,-99,HZ_MultiCarrier_Addon,2,2016-09-28,None
41878376,-99,HZ_MultiCarrier_Addon_Trial,3,2016-06-28,2018-01-26
41879034,-99,HZ_MultiCarrier_Addon,2,2016-09-28,None
41879034,-99,HZ_MultiCarrier_Addon_Trial,3,2016-06-28,2018-01-26
41879207,-99,HZ_MultiCarrier_Addon,1,2016-08-10,None
41879207,-99,HZ_MultiCarrier_Addon_Trial,3,2016-08-10,2018-01-26
41879837,1,HZ_MultiCarrier_Addon,1,2016-09-28,None
41879837,1,HZ_MultiCarrier_Addon_Trial,3,2016-06-28,2018-01-26
41882590,1,HZ_MultiCarrier_Addon,1,2016-09-28,None
41882590,1,HZ_MultiCarrier_Addon_Trial,3,2016-06-28,2018-01-26
41889211,1,HZ_MultiCarrier_Addon,1,2016-07-09,None
41889211,1,HZ_MultiCarrier_Addon_Trial,3,2016-07-09,2018-01-26
41890597,-99,HZ_MultiCarrier_Addon,1,2016-09-29,None
41890597,-99,HZ_MultiCarrier_Addon_Trial,3,2016-06-29,2018-01-26
41892912,-99,HZ_MultiCarrier_Addon,2,2016-09-29,None
41892912,-99,HZ_MultiCarrier_Addon_Trial,3,2016-06-29,2018-01-26
41893040,-99,HZ_MultiCarrier_Addon,1,2016-09-29,None
41893040,-99,HZ_MultiCarrier_Addon_Trial,3,2016-06-29,2018-01-26
41899557,-3,HZ_MultiCarrier_Addon,1,2016-09-29,None
41899557,-3,HZ_MultiCarrier_Addon_Trial,3,2016-06-29,2018-01-26
41900185,-99,HZ_MultiCarrier_Addon,1,2016-10-04,None
41900185,-99,HZ_MultiCarrier_Addon_Trial,3,2016-06-29,2018-01-26
41900192,-99,HZ_MultiCarrier_Addon,2,2016-09-29,None
41900192,-99,HZ_MultiCarrier_Addon_Trial,3,2016-06-29,2018-01-26
41901733,-99,HZ_MultiCarrier_Addon,1,2016-09-29,None
41901733,-99,HZ_MultiCarrier_Addon_Trial,3,2016-06-29,2018-01-26
41904052,-99,HZ_MultiCarrier_Addon,1,2016-09-30,None
41904052,-99,HZ_MultiCarrier_Addon_Trial,3,2016-06-30,2018-01-26
41904657,-99,HZ_MultiCarrier_Addon,1,2016-09-30,None
41904657,-99,HZ_MultiCarrier_Addon_Trial,3,2016-06-30,2018-01-26
41905601,1,HZ_MultiCarrier_Addon,1,2016-09-30,None
41905601,1,HZ_MultiCarrier_Addon_Trial,3,2016-06-30,2018-01-26
41906039,1,HZ_MultiCarrier_Addon,-1,2016-09-30,2016-11-14
41906039,1,HZ_MultiCarrier_Addon_Trial,3,2016-06-30,2018-01-26
41906704,-99,HZ_MultiCarrier_Addon,1,2016-09-30,None
41906704,-99,HZ_MultiCarrier_Addon_Trial,3,2016-06-30,2018-01-26
41907153,-99,HZ_MultiCarrier_Addon,1,2016-09-30,None
41907153,-99,HZ_MultiCarrier_Addon_Trial,3,2016-06-30,2018-01-26
41913245,1,HZ_MultiCarrier_Addon,-1,2016-10-05,2017-03-02
41915199,-99,HZ_MultiCarrier_Addon,1,2016-09-30,None
41915199,-99,HZ_MultiCarrier_Addon_Trial,3,2016-06-30,2018-01-26
41916496,-99,HZ_MultiCarrier_Addon,1,2016-09-30,None
41916496,-99,HZ_MultiCarrier_Addon_Trial,3,2016-06-30,2018-01-26
41917197,1,HZ_MultiCarrier_Addon,1,2016-07-11,None
41917197,1,HZ_MultiCarrier_Addon_Trial,3,2016-07-11,2018-01-26
41919174,-2,HZ_MultiCarrier_Addon,1,2016-10-04,None
41919174,-2,HZ_MultiCarrier_Addon_Trial,3,2016-07-01,2018-01-26
41920941,-99,HZ_MultiCarrier_Addon,2,2016-10-01,None
41920941,-99,HZ_MultiCarrier_Addon_Trial,3,2016-07-01,2018-01-26
41921405,-99,HZ_MultiCarrier_Addon,1,2016-10-01,None
41921405,-99,HZ_MultiCarrier_Addon_Trial,3,2016-07-01,2018-01-26
41925988,-99,HZ_MultiCarrier_Addon,1,2016-10-01,None
41925988,-99,HZ_MultiCarrier_Addon_Trial,3,2016-07-01,2018-01-26
41930350,-99,HZ_MultiCarrier_Addon,2,2016-10-01,None
41930350,-99,HZ_MultiCarrier_Addon_Trial,3,2016-07-01,2018-01-26
41934199,-99,HZ_MultiCarrier_Addon,1,2016-10-02,None
41934199,-99,HZ_MultiCarrier_Addon_Trial,3,2016-07-02,2018-01-26
41934970,-99,HZ_MultiCarrier_Addon,1,2016-10-02,None
41934970,-99,HZ_MultiCarrier_Addon_Trial,3,2016-07-02,2018-01-26
41936437,1,HZ_MultiCarrier_Addon,1,2016-10-02,None
41936437,1,HZ_MultiCarrier_Addon_Trial,3,2016-07-02,2018-01-26
41957779,-1,HZ_MultiCarrier_Addon,1,2016-10-03,None
41957779,-1,HZ_MultiCarrier_Addon_Trial,3,2016-07-03,2018-01-26
41968294,-99,HZ_MultiCarrier_Addon,1,2016-10-04,None
41968294,-99,HZ_MultiCarrier_Addon_Trial,3,2016-07-04,2018-01-26
41972655,-99,HZ_MultiCarrier_Addon,1,2016-10-04,None
41972655,-99,HZ_MultiCarrier_Addon_Trial,3,2016-07-04,2018-01-26
41973752,-99,HZ_MultiCarrier_Addon,1,2016-10-04,None
41973752,-99,HZ_MultiCarrier_Addon_Trial,3,2016-07-04,2018-01-26
41978925,-99,HZ_MultiCarrier_Addon,2,2016-10-05,None
41978925,-99,HZ_MultiCarrier_Addon_Trial,3,2016-07-05,2018-01-26
41982210,-99,HZ_MultiCarrier_Addon,2,2016-10-05,None
41982210,-99,HZ_MultiCarrier_Addon_Trial,3,2016-07-05,2018-01-26
41988499,-99,HZ_MultiCarrier_Addon,1,2016-10-05,None
41988499,-99,HZ_MultiCarrier_Addon_Trial,3,2016-07-05,2018-01-26
41994480,1,HZ_MultiCarrier_Addon,-1,2016-10-06,2017-01-09
41994480,1,HZ_MultiCarrier_Addon_Trial,3,2016-07-06,2018-01-26
41995644,1,HZ_MultiCarrier_Addon,1,2016-10-06,None
41995644,1,HZ_MultiCarrier_Addon_Trial,3,2016-07-06,2018-01-26
41996215,1,HZ_MultiCarrier_Addon,1,2016-10-06,None
41996215,1,HZ_MultiCarrier_Addon_Trial,3,2016-07-06,2018-01-26
41996992,1,HZ_MultiCarrier_Addon,1,2017-01-23,None
41998534,1,HZ_MultiCarrier_Addon,1,2016-10-06,None
41998534,1,HZ_MultiCarrier_Addon_Trial,3,2016-07-06,2018-01-26
41999369,1,HZ_MultiCarrier_Addon,1,2017-07-10,None
41999491,-99,HZ_MultiCarrier_Addon,1,2016-10-06,None
41999491,-99,HZ_MultiCarrier_Addon_Trial,3,2016-07-06,2018-01-26
42003561,-1,HZ_MultiCarrier_Addon,1,2016-10-06,None
42003561,-1,HZ_MultiCarrier_Addon_Trial,3,2016-07-06,2018-01-26
42003566,-99,HZ_MultiCarrier_Addon,1,2016-10-06,None
42003566,-99,HZ_MultiCarrier_Addon_Trial,3,2016-07-06,2018-01-26
42009352,1,HZ_MultiCarrier_Addon,1,2016-10-07,None
42009352,1,HZ_MultiCarrier_Addon_Trial,3,2016-07-07,2018-01-26
42009741,1,HZ_MultiCarrier_Addon,1,2016-10-07,None
42009741,1,HZ_MultiCarrier_Addon_Trial,3,2016-07-07,2018-01-26
42011018,-3,HZ_MultiCarrier_Addon,1,2016-10-07,None
42011018,-3,HZ_MultiCarrier_Addon_Trial,3,2016-07-07,2018-01-26
42012690,-99,HZ_MultiCarrier_Addon,1,2016-10-07,None
42012690,-99,HZ_MultiCarrier_Addon_Trial,3,2016-07-07,2018-01-26
42015006,-99,HZ_MultiCarrier_Addon,1,2017-07-05,None
42021945,-99,HZ_MultiCarrier_Addon,1,2016-10-08,None
42021945,-99,HZ_MultiCarrier_Addon_Trial,3,2016-07-08,2018-01-26
42022226,1,HZ_MultiCarrier_Addon,-1,2016-10-08,2016-08-22
42022226,1,HZ_MultiCarrier_Addon_Trial,3,2016-07-08,2018-01-26
42024172,-99,HZ_MultiCarrier_Addon,1,2016-10-11,None
42024172,-99,HZ_MultiCarrier_Addon_Trial,3,2016-07-08,2018-01-26
42024275,-99,HZ_MultiCarrier_Addon,1,2016-10-08,None
42024275,-99,HZ_MultiCarrier_Addon_Trial,3,2016-07-08,2018-01-26
42026220,-99,HZ_MultiCarrier_Addon,2,2016-10-08,None
42026220,-99,HZ_MultiCarrier_Addon_Trial,3,2016-07-08,2018-01-26
42026494,1,HZ_MultiCarrier_Addon,1,2016-10-08,None
42026494,1,HZ_MultiCarrier_Addon_Trial,3,2016-07-08,2018-01-26
42026689,-99,HZ_MultiCarrier_Addon,1,2016-10-08,None
42026689,-99,HZ_MultiCarrier_Addon_Trial,3,2016-07-08,2018-01-26
42037014,-3,HZ_MultiCarrier_Addon,1,2016-10-09,None
42037014,-3,HZ_MultiCarrier_Addon_Trial,3,2016-07-09,2018-01-26
42037656,-99,HZ_MultiCarrier_Addon,1,2016-10-09,None
42037656,-99,HZ_MultiCarrier_Addon_Trial,3,2016-07-09,2018-01-26
42038600,-99,HZ_MultiCarrier_Addon,1,2016-10-09,None
42038600,-99,HZ_MultiCarrier_Addon_Trial,3,2016-07-09,2018-01-26
42044222,-99,HZ_MultiCarrier_Addon,1,2016-10-09,None
42044222,-99,HZ_MultiCarrier_Addon_Trial,3,2016-07-09,2018-01-26
42045817,-99,HZ_MultiCarrier_Addon,2,2016-10-09,None
42045817,-99,HZ_MultiCarrier_Addon_Trial,3,2016-07-09,2018-01-26
42052352,1,HZ_MultiCarrier_Addon,-1,2016-10-10,2016-10-11
42052352,1,HZ_MultiCarrier_Addon_Trial,3,2016-07-10,2018-01-26
42053515,-99,HZ_MultiCarrier_Addon,1,2016-10-10,None
42053515,-99,HZ_MultiCarrier_Addon_Trial,3,2016-07-10,2018-01-26
42056917,-99,HZ_MultiCarrier_Addon,2,2016-10-10,None
42056917,-99,HZ_MultiCarrier_Addon_Trial,3,2016-07-10,2018-01-26
42056947,-99,HZ_MultiCarrier_Addon,1,2016-10-10,None
42056947,-99,HZ_MultiCarrier_Addon_Trial,3,2016-07-10,2018-01-26
42067297,-99,HZ_MultiCarrier_Addon,1,2016-10-11,None
42067297,-99,HZ_MultiCarrier_Addon_Trial,3,2016-07-11,2018-01-26
42069812,1,HZ_MultiCarrier_Addon,1,2016-10-11,None
42069812,1,HZ_MultiCarrier_Addon_Trial,3,2016-07-11,2018-01-26
42069945,-3,HZ_MultiCarrier_Addon,1,2016-10-11,None
42069945,-3,HZ_MultiCarrier_Addon_Trial,3,2016-07-11,2018-01-26
42070072,-99,HZ_MultiCarrier_Addon,1,2016-10-11,None
42070072,-99,HZ_MultiCarrier_Addon_Trial,3,2016-07-11,2018-01-26
42071520,-2,HZ_MultiCarrier_Addon,1,2016-10-11,None
42071520,-2,HZ_MultiCarrier_Addon_Trial,3,2016-07-11,2018-01-26
42071882,-99,HZ_MultiCarrier_Addon,2,2016-10-11,None
42071882,-99,HZ_MultiCarrier_Addon_Trial,3,2016-07-11,2018-01-26
42072544,-99,HZ_MultiCarrier_Addon,1,2016-10-11,None
42072544,-99,HZ_MultiCarrier_Addon_Trial,3,2016-07-11,2018-01-26
42072898,-99,HZ_MultiCarrier_Addon,1,2016-10-11,None
42072898,-99,HZ_MultiCarrier_Addon_Trial,3,2016-07-11,2018-01-26
42073925,-99,HZ_MultiCarrier_Addon,-1,2016-10-11,2016-07-12
42073925,-99,HZ_MultiCarrier_Addon_Trial,3,2016-07-11,2018-01-26
42075388,1,HZ_MultiCarrier_Addon,-1,2016-10-11,2016-08-17
42075388,1,HZ_MultiCarrier_Addon_Trial,3,2016-07-11,2018-01-26
42075771,1,HZ_MultiCarrier_Addon,1,2016-10-13,None
42075771,1,HZ_MultiCarrier_Addon_Trial,3,2016-07-11,2018-01-26
42080653,-99,HZ_MultiCarrier_Addon,1,2016-10-12,None
42080653,-99,HZ_MultiCarrier_Addon_Trial,3,2016-07-12,2018-01-26
42081862,-99,HZ_MultiCarrier_Addon,2,2016-10-12,None
42081862,-99,HZ_MultiCarrier_Addon_Trial,3,2016-07-12,2018-01-26
42082418,1,HZ_MultiCarrier_Addon,1,2016-10-12,None
42082418,1,HZ_MultiCarrier_Addon_Trial,3,2016-07-12,2018-01-26
42082474,-99,HZ_MultiCarrier_Addon,2,2016-10-12,None
42082474,-99,HZ_MultiCarrier_Addon_Trial,3,2016-07-12,2018-01-26
42083298,-99,HZ_MultiCarrier_Addon,1,2016-10-12,None
42083298,-99,HZ_MultiCarrier_Addon_Trial,3,2016-07-12,2018-01-26
42083467,-99,HZ_MultiCarrier_Addon,1,2016-10-12,None
42083467,-99,HZ_MultiCarrier_Addon_Trial,3,2016-07-12,2018-01-26
42084021,-99,HZ_MultiCarrier_Addon,1,2016-10-12,None
42084021,-99,HZ_MultiCarrier_Addon_Trial,3,2016-07-12,2018-01-26
42085159,1,HZ_MultiCarrier_Addon,1,2016-10-12,None
42085159,1,HZ_MultiCarrier_Addon_Trial,3,2016-07-12,2018-01-26
42086349,-3,HZ_MultiCarrier_Addon,1,2016-10-12,None
42086349,-3,HZ_MultiCarrier_Addon_Trial,3,2016-07-12,2018-01-26
42086927,-99,HZ_MultiCarrier_Addon,1,2016-10-12,None
42086927,-99,HZ_MultiCarrier_Addon_Trial,3,2016-07-12,2018-01-26
42087415,-99,HZ_MultiCarrier_Addon,1,2016-10-12,None
42087415,-99,HZ_MultiCarrier_Addon_Trial,3,2016-07-12,2018-01-26
42093282,-99,HZ_MultiCarrier_Addon,1,2016-10-13,None
42093282,-99,HZ_MultiCarrier_Addon_Trial,3,2016-07-13,2018-01-26
42093481,-3,HZ_MultiCarrier_Addon,1,2016-10-13,None
42093481,-3,HZ_MultiCarrier_Addon_Trial,3,2016-07-13,2018-01-26
42094922,-99,HZ_MultiCarrier_Addon,2,2016-10-13,None
42094922,-99,HZ_MultiCarrier_Addon_Trial,3,2016-07-13,2018-01-26
42095367,-99,HZ_MultiCarrier_Addon,1,2016-10-13,None
42095367,-99,HZ_MultiCarrier_Addon_Trial,3,2016-07-13,2018-01-26
42095728,1,HZ_MultiCarrier_Addon,1,2016-10-13,None
42095728,1,HZ_MultiCarrier_Addon_Trial,3,2016-07-13,2018-01-26
42096477,-99,HZ_MultiCarrier_Addon,1,2016-10-13,None
42096477,-99,HZ_MultiCarrier_Addon_Trial,3,2016-07-13,2018-01-26
42097016,-3,HZ_MultiCarrier_Addon,1,2017-08-28,None
42097260,-99,HZ_MultiCarrier_Addon,2,2016-10-13,None
42097260,-99,HZ_MultiCarrier_Addon_Trial,3,2016-07-13,2018-01-26
42097522,-99,HZ_MultiCarrier_Addon,2,2016-10-13,None
42097522,-99,HZ_MultiCarrier_Addon_Trial,3,2016-07-13,2018-01-26
42097775,-99,HZ_MultiCarrier_Addon,1,2016-10-13,None
42097775,-99,HZ_MultiCarrier_Addon_Trial,3,2016-07-13,2018-01-26
42099357,-99,HZ_MultiCarrier_Addon,1,2016-10-13,None
42099357,-99,HZ_MultiCarrier_Addon_Trial,3,2016-07-13,2018-01-26
42102222,-99,HZ_MultiCarrier_Addon,1,2016-10-13,None
42102222,-99,HZ_MultiCarrier_Addon_Trial,3,2016-07-13,2018-01-26
42103496,-99,HZ_MultiCarrier_Addon,1,2017-01-26,None
42109205,1,HZ_MultiCarrier_Addon,1,2016-10-14,None
42109205,1,HZ_MultiCarrier_Addon_Trial,3,2016-07-14,2018-01-26
42109457,-99,HZ_MultiCarrier_Addon,2,2016-10-14,None
42109457,-99,HZ_MultiCarrier_Addon_Trial,3,2016-07-14,2018-01-26
42109500,1,HZ_MultiCarrier_Addon,2,2017-10-05,None
42109500,1,HZ_MultiCarrier_Addon_Trial,3,2017-07-05,2018-01-26
42110186,-99,HZ_MultiCarrier_Addon,2,2016-10-14,None
42110186,-99,HZ_MultiCarrier_Addon_Trial,3,2016-07-14,2018-01-26
42110319,-99,HZ_MultiCarrier_Addon,2,2016-10-14,None
42110319,-99,HZ_MultiCarrier_Addon_Trial,3,2016-07-14,2018-01-26
42110569,-99,HZ_MultiCarrier_Addon,2,2016-10-14,None
42110569,-99,HZ_MultiCarrier_Addon_Trial,3,2016-07-14,2018-01-26
42112846,1,HZ_MultiCarrier_Addon,1,2016-09-13,None
42113274,-1,HZ_MultiCarrier_Addon,1,2016-10-14,None
42113274,-1,HZ_MultiCarrier_Addon_Trial,3,2016-07-14,2018-01-26
42116379,-99,HZ_MultiCarrier_Addon,2,2016-10-14,None
42116379,-99,HZ_MultiCarrier_Addon_Trial,3,2016-07-14,2018-01-26
42124003,1,HZ_MultiCarrier_Addon,-1,2016-10-15,2016-12-05
42124003,1,HZ_MultiCarrier_Addon_Trial,3,2016-07-15,2018-01-26
42124550,-99,HZ_MultiCarrier_Addon,1,2016-10-15,None
42124550,-99,HZ_MultiCarrier_Addon_Trial,3,2016-07-15,2018-01-26
42127135,1,HZ_MultiCarrier_Addon,1,2016-10-15,None
42127135,1,HZ_MultiCarrier_Addon_Trial,3,2016-07-15,2018-01-26
42127432,-99,HZ_MultiCarrier_Addon,1,2016-10-21,None
42127432,-99,HZ_MultiCarrier_Addon_Trial,3,2016-07-15,2018-01-26
42128108,-99,HZ_MultiCarrier_Addon,1,2016-10-15,None
42128108,-99,HZ_MultiCarrier_Addon_Trial,3,2016-07-15,2018-01-26
42130614,1,HZ_MultiCarrier_Addon,1,2017-11-10,None
42165914,1,HZ_MultiCarrier_Addon,1,2016-10-17,None
42165914,1,HZ_MultiCarrier_Addon_Trial,3,2016-07-17,2018-01-26
42167949,-99,HZ_MultiCarrier_Addon,2,2016-10-17,None
42167949,-99,HZ_MultiCarrier_Addon_Trial,3,2016-07-17,2018-01-26
42170087,-3,HZ_MultiCarrier_Addon,1,2016-10-18,None
42170087,-3,HZ_MultiCarrier_Addon_Trial,3,2016-07-18,2018-01-26
42171210,-99,HZ_MultiCarrier_Addon,2,2016-10-18,None
42171210,-99,HZ_MultiCarrier_Addon_Trial,3,2016-07-18,2018-01-26
42171261,1,HZ_MultiCarrier_Addon,1,2016-10-18,None
42171261,1,HZ_MultiCarrier_Addon_Trial,3,2016-07-18,2018-01-26
42175487,1,HZ_MultiCarrier_Addon,1,2016-10-18,None
42175487,1,HZ_MultiCarrier_Addon_Trial,3,2016-07-18,2018-01-26
42177899,1,HZ_MultiCarrier_Addon,1,2016-10-18,None
42177899,1,HZ_MultiCarrier_Addon_Trial,3,2016-07-18,2018-01-26
42185013,-99,HZ_MultiCarrier_Addon,2,2016-10-19,None
42185013,-99,HZ_MultiCarrier_Addon_Trial,3,2016-07-19,2018-01-26
42185918,1,HZ_MultiCarrier_Addon,1,2017-02-03,None
42186661,-99,HZ_MultiCarrier_Addon,1,2016-10-19,None
42186661,-99,HZ_MultiCarrier_Addon_Trial,3,2016-07-19,2018-01-26
42187642,-99,HZ_MultiCarrier_Addon,1,2016-10-19,None
42187642,-99,HZ_MultiCarrier_Addon_Trial,3,2016-07-19,2018-01-26
42187807,1,HZ_MultiCarrier_Addon,1,2016-10-19,None
42187807,1,HZ_MultiCarrier_Addon_Trial,3,2016-07-19,2018-01-26
42189466,-99,HZ_MultiCarrier_Addon,1,2016-10-19,None
42189466,-99,HZ_MultiCarrier_Addon_Trial,3,2016-07-19,2018-01-26
42196062,-99,HZ_MultiCarrier_Addon,1,2016-10-20,None
42196062,-99,HZ_MultiCarrier_Addon_Trial,3,2016-07-20,2018-01-26
42198873,1,HZ_MultiCarrier_Addon,1,2016-10-20,None
42198873,1,HZ_MultiCarrier_Addon_Trial,3,2016-07-20,2018-01-26
42199337,-99,HZ_MultiCarrier_Addon,1,2016-10-20,None
42199337,-99,HZ_MultiCarrier_Addon_Trial,3,2016-07-20,2018-01-26
42199397,-2,HZ_MultiCarrier_Addon,1,2016-10-20,None
42199397,-2,HZ_MultiCarrier_Addon_Trial,3,2016-07-20,2018-01-26
42204370,-99,HZ_MultiCarrier_Addon,1,2016-10-20,None
42204370,-99,HZ_MultiCarrier_Addon_Trial,3,2016-07-20,2018-01-26
42212867,-99,HZ_MultiCarrier_Addon,1,2016-10-25,None
42212867,-99,HZ_MultiCarrier_Addon_Trial,3,2016-07-21,2018-01-26
42213496,-99,HZ_MultiCarrier_Addon,1,2016-10-21,None
42213496,-99,HZ_MultiCarrier_Addon_Trial,3,2016-07-21,2018-01-26
42213735,-99,HZ_MultiCarrier_Addon,2,2016-10-21,None
42213735,-99,HZ_MultiCarrier_Addon_Trial,3,2016-07-21,2018-01-26
42213788,-99,HZ_MultiCarrier_Addon,2,2016-10-21,None
42213788,-99,HZ_MultiCarrier_Addon_Trial,3,2016-07-21,2018-01-26
42214601,-99,HZ_MultiCarrier_Addon,1,2016-10-21,None
42214601,-99,HZ_MultiCarrier_Addon_Trial,3,2016-07-21,2018-01-26
42229075,1,HZ_MultiCarrier_Addon,1,2016-10-22,None
42229075,1,HZ_MultiCarrier_Addon_Trial,3,2016-07-22,2018-01-26
42229477,1,HZ_MultiCarrier_Addon,1,2016-10-22,None
42229477,1,HZ_MultiCarrier_Addon_Trial,3,2016-07-22,2018-01-26
42229862,-3,HZ_MultiCarrier_Addon,1,2016-10-22,None
42229862,-3,HZ_MultiCarrier_Addon_Trial,3,2016-07-22,2018-01-26
42230779,-3,HZ_MultiCarrier_Addon,1,2016-10-22,None
42230779,-3,HZ_MultiCarrier_Addon_Trial,3,2016-07-22,2018-01-26
42231088,-99,HZ_MultiCarrier_Addon,1,2016-10-22,None
42231088,-99,HZ_MultiCarrier_Addon_Trial,3,2016-07-22,2018-01-26
42232501,1,HZ_MultiCarrier_Addon,1,2016-10-22,None
42232501,1,HZ_MultiCarrier_Addon_Trial,3,2016-07-22,2018-01-26
42233284,-99,HZ_MultiCarrier_Addon,2,2016-10-22,None
42233284,-99,HZ_MultiCarrier_Addon_Trial,3,2016-07-22,2018-01-26
42236836,-99,HZ_MultiCarrier_Addon,2,2016-10-22,None
42236836,-99,HZ_MultiCarrier_Addon_Trial,3,2016-07-22,2018-01-26
42242941,-99,HZ_MultiCarrier_Addon,2,2016-10-23,None
42242941,-99,HZ_MultiCarrier_Addon_Trial,3,2016-07-23,2018-01-26
42243034,-99,HZ_MultiCarrier_Addon,1,2016-10-23,None
42243034,-99,HZ_MultiCarrier_Addon_Trial,3,2016-07-23,2018-01-26
42244597,-99,HZ_MultiCarrier_Addon,2,2016-10-23,None
42244597,-99,HZ_MultiCarrier_Addon_Trial,3,2016-07-23,2018-01-26
42244678,-99,HZ_MultiCarrier_Addon,2,2016-10-23,None
42244678,-99,HZ_MultiCarrier_Addon_Trial,3,2016-07-23,2018-01-26
42252578,-99,HZ_MultiCarrier_Addon,1,2016-10-23,None
42252578,-99,HZ_MultiCarrier_Addon_Trial,3,2016-07-23,2018-01-26
42255120,-99,HZ_MultiCarrier_Addon,2,2016-10-23,None
42255120,-99,HZ_MultiCarrier_Addon_Trial,3,2016-07-23,2018-01-26
42267141,-99,HZ_MultiCarrier_Addon,1,2016-10-24,None
42267141,-99,HZ_MultiCarrier_Addon_Trial,3,2016-07-24,2018-01-26
42269188,-99,HZ_MultiCarrier_Addon,1,2016-10-24,None
42269188,-99,HZ_MultiCarrier_Addon_Trial,3,2016-07-24,2018-01-26
42277663,-99,HZ_MultiCarrier_Addon,1,2016-10-25,None
42277663,-99,HZ_MultiCarrier_Addon_Trial,3,2016-07-25,2018-01-26
42278080,-99,HZ_MultiCarrier_Addon,2,2016-10-25,None
42278080,-99,HZ_MultiCarrier_Addon_Trial,3,2016-07-25,2018-01-26
42278578,-99,HZ_MultiCarrier_Addon,1,2016-10-29,None
42278578,-99,HZ_MultiCarrier_Addon_Trial,3,2016-07-25,2018-01-26
42281276,-99,HZ_MultiCarrier_Addon,1,2016-10-25,None
42281276,-99,HZ_MultiCarrier_Addon_Trial,3,2016-07-25,2018-01-26
42282338,1,HZ_MultiCarrier_Addon,1,2016-10-25,None
42282338,1,HZ_MultiCarrier_Addon_Trial,3,2016-07-25,2018-01-26
42286864,-99,HZ_MultiCarrier_Addon,1,2016-10-25,None
42286864,-99,HZ_MultiCarrier_Addon_Trial,3,2016-07-25,2018-01-26
42288503,-99,HZ_MultiCarrier_Addon,2,2016-10-25,None
42288503,-99,HZ_MultiCarrier_Addon_Trial,3,2016-07-25,2018-01-26
42290723,-99,HZ_MultiCarrier_Addon,2,2016-10-25,None
42290723,-99,HZ_MultiCarrier_Addon_Trial,3,2016-07-25,2018-01-26
42294248,-99,HZ_MultiCarrier_Addon,1,2016-10-26,None
42294248,-99,HZ_MultiCarrier_Addon_Trial,3,2016-07-26,2018-01-26
42295259,-3,HZ_MultiCarrier_Addon,1,2016-10-26,None
42295259,-3,HZ_MultiCarrier_Addon_Trial,3,2016-07-26,2018-01-26
42295306,-99,HZ_MultiCarrier_Addon,1,2016-10-26,None
42295306,-99,HZ_MultiCarrier_Addon_Trial,3,2016-07-26,2018-01-26
42295486,-3,HZ_MultiCarrier_Addon,1,2016-10-26,None
42295486,-3,HZ_MultiCarrier_Addon_Trial,3,2016-07-26,2018-01-26
42296510,1,HZ_MultiCarrier_Addon,1,2017-08-21,None
42297326,-99,HZ_MultiCarrier_Addon,1,2016-10-26,None
42297326,-99,HZ_MultiCarrier_Addon_Trial,3,2016-07-26,2018-01-26
42297977,1,HZ_MultiCarrier_Addon,1,2016-10-26,None
42297977,1,HZ_MultiCarrier_Addon_Trial,3,2016-07-26,2018-01-26
42298673,1,HZ_MultiCarrier_Addon,1,2017-02-06,None
42298930,-99,HZ_MultiCarrier_Addon,2,2016-10-26,None
42298930,-99,HZ_MultiCarrier_Addon_Trial,3,2016-07-26,2018-01-26
42299388,-2,HZ_MultiCarrier_Addon,1,2016-10-26,None
42299388,-2,HZ_MultiCarrier_Addon_Trial,3,2016-07-26,2018-01-26
42300340,-99,HZ_MultiCarrier_Addon,2,2016-10-26,None
42300340,-99,HZ_MultiCarrier_Addon_Trial,3,2016-07-26,2018-01-26
42301491,1,HZ_MultiCarrier_Addon,1,2016-10-26,None
42301491,1,HZ_MultiCarrier_Addon_Trial,3,2016-07-26,2018-01-26
42303370,-99,HZ_MultiCarrier_Addon,1,2016-10-26,None
42303370,-99,HZ_MultiCarrier_Addon_Trial,3,2016-07-26,2018-01-26
42305774,-99,HZ_MultiCarrier_Addon,2,2016-10-26,None
42305774,-99,HZ_MultiCarrier_Addon_Trial,3,2016-07-26,2018-01-26
42309762,-99,HZ_MultiCarrier_Addon,-1,2016-10-03,2016-10-03
42311237,-99,HZ_MultiCarrier_Addon,1,2016-10-27,None
42311237,-99,HZ_MultiCarrier_Addon_Trial,3,2016-07-27,2018-01-26
42313301,1,HZ_MultiCarrier_Addon,1,2016-10-27,None
42313301,1,HZ_MultiCarrier_Addon_Trial,3,2016-07-27,2018-01-26
42315174,-99,HZ_MultiCarrier_Addon,2,2016-10-27,None
42315174,-99,HZ_MultiCarrier_Addon_Trial,3,2016-07-27,2018-01-26
42315828,1,HZ_MultiCarrier_Addon,1,2016-10-27,None
42315828,1,HZ_MultiCarrier_Addon_Trial,3,2016-07-27,2018-01-26
42323042,-99,HZ_MultiCarrier_Addon,2,2016-10-28,None
42323042,-99,HZ_MultiCarrier_Addon_Trial,3,2016-07-28,2018-01-26
42324614,-99,HZ_MultiCarrier_Addon,1,2016-10-28,None
42324614,-99,HZ_MultiCarrier_Addon_Trial,3,2016-07-28,2018-01-26
42325915,1,HZ_MultiCarrier_Addon,1,2016-10-28,None
42325915,1,HZ_MultiCarrier_Addon_Trial,3,2016-07-28,2018-01-26
42326347,1,HZ_MultiCarrier_Addon,1,2016-10-28,None
42326347,1,HZ_MultiCarrier_Addon_Trial,3,2016-07-28,2018-01-26
42330813,-99,HZ_MultiCarrier_Addon,1,2016-10-28,None
42330813,-99,HZ_MultiCarrier_Addon_Trial,3,2016-07-28,2018-01-26
42337491,-99,HZ_MultiCarrier_Addon,1,2016-10-29,None
42337491,-99,HZ_MultiCarrier_Addon_Trial,3,2016-07-29,2018-01-26
42337957,-99,HZ_MultiCarrier_Addon,1,2016-11-05,None
42337957,-99,HZ_MultiCarrier_Addon_Trial,3,2016-07-29,2018-01-26
42338238,-99,HZ_MultiCarrier_Addon,1,2016-10-29,None
42338238,-99,HZ_MultiCarrier_Addon_Trial,3,2016-07-29,2018-01-26
42338430,-99,HZ_MultiCarrier_Addon,1,2016-10-29,None
42338430,-99,HZ_MultiCarrier_Addon_Trial,3,2016-07-29,2018-01-26
42341608,1,HZ_MultiCarrier_Addon,1,2016-10-29,None
42341608,1,HZ_MultiCarrier_Addon_Trial,3,2016-07-29,2018-01-26
42346316,1,HZ_MultiCarrier_Addon,1,2016-10-29,None
42346316,1,HZ_MultiCarrier_Addon_Trial,3,2016-07-29,2018-01-26
42348029,1,HZ_MultiCarrier_Addon,1,2016-11-05,None
42348029,1,HZ_MultiCarrier_Addon_Trial,3,2016-07-29,2018-01-26
42352545,-99,HZ_MultiCarrier_Addon,1,2016-11-05,None
42352545,-99,HZ_MultiCarrier_Addon_Trial,3,2016-07-29,2018-01-26
42353075,-99,HZ_MultiCarrier_Addon,1,2016-10-30,None
42353075,-99,HZ_MultiCarrier_Addon_Trial,3,2016-07-30,2018-01-26
42355126,1,HZ_MultiCarrier_Addon,-1,2016-10-30,2016-11-23
42355126,1,HZ_MultiCarrier_Addon_Trial,3,2016-07-30,2018-01-26
42355529,-99,HZ_MultiCarrier_Addon,1,2016-11-05,None
42355529,-99,HZ_MultiCarrier_Addon_Trial,3,2016-07-30,2018-01-26
42362518,-99,HZ_MultiCarrier_Addon,1,2016-10-30,None
42362518,-99,HZ_MultiCarrier_Addon_Trial,3,2016-07-30,2018-01-26
42371328,-99,HZ_MultiCarrier_Addon,1,2016-11-05,None
42371328,-99,HZ_MultiCarrier_Addon_Trial,3,2016-07-31,2018-01-26
42373877,-99,HZ_MultiCarrier_Addon,1,2016-10-31,None
42373877,-99,HZ_MultiCarrier_Addon_Trial,3,2016-07-31,2018-01-26
42384585,1,HZ_MultiCarrier_Addon,1,2016-10-31,None
42384585,1,HZ_MultiCarrier_Addon_Trial,3,2016-07-31,2018-01-26
42386928,-2,HZ_MultiCarrier_Addon,1,2016-11-01,None
42386928,-2,HZ_MultiCarrier_Addon_Trial,3,2016-08-01,2018-01-26
42387525,-99,HZ_MultiCarrier_Addon,1,2016-11-01,None
42387525,-99,HZ_MultiCarrier_Addon_Trial,3,2016-08-01,2018-01-26
42387696,-99,HZ_MultiCarrier_Addon,1,2016-11-01,None
42387696,-99,HZ_MultiCarrier_Addon_Trial,3,2016-08-01,2018-01-26
42388413,-99,HZ_MultiCarrier_Addon,1,2016-11-01,None
42388413,-99,HZ_MultiCarrier_Addon_Trial,3,2016-08-01,2018-01-26
42393498,-99,HZ_MultiCarrier_Addon,1,2016-11-01,None
42393498,-99,HZ_MultiCarrier_Addon_Trial,3,2016-08-01,2018-01-26
42397542,-2,HZ_MultiCarrier_Addon,1,2016-11-01,None
42397542,-2,HZ_MultiCarrier_Addon_Trial,3,2016-08-01,2018-01-26
42405103,-3,HZ_MultiCarrier_Addon,1,2016-11-02,None
42405103,-3,HZ_MultiCarrier_Addon_Trial,3,2016-08-02,2018-01-26
42406545,1,HZ_MultiCarrier_Addon,1,2016-11-02,None
42406545,1,HZ_MultiCarrier_Addon_Trial,3,2016-08-02,2018-01-26
42407359,-99,HZ_MultiCarrier_Addon,2,2016-11-02,None
42407359,-99,HZ_MultiCarrier_Addon_Trial,3,2016-08-02,2018-01-26
42409199,-99,HZ_MultiCarrier_Addon,1,2016-11-02,None
42409199,-99,HZ_MultiCarrier_Addon_Trial,3,2016-08-02,2018-01-26
42411631,-2,HZ_MultiCarrier_Addon,1,2016-11-02,None
42411631,-2,HZ_MultiCarrier_Addon_Trial,3,2016-08-02,2018-01-26
42416680,-99,HZ_MultiCarrier_Addon,2,2016-11-03,None
42416680,-99,HZ_MultiCarrier_Addon_Trial,3,2016-08-03,2018-01-26
42418012,-99,HZ_MultiCarrier_Addon,1,2016-11-03,None
42418012,-99,HZ_MultiCarrier_Addon_Trial,3,2016-08-03,2018-01-26
42418433,1,HZ_MultiCarrier_Addon,1,2016-11-03,None
42418433,1,HZ_MultiCarrier_Addon_Trial,3,2016-08-03,2018-01-26
42419400,1,HZ_MultiCarrier_Addon,1,2016-11-03,None
42419400,1,HZ_MultiCarrier_Addon_Trial,3,2016-08-03,2018-01-26
42420739,-3,HZ_MultiCarrier_Addon,1,2016-11-03,None
42420739,-3,HZ_MultiCarrier_Addon_Trial,3,2016-08-03,2018-01-26
42421753,1,HZ_MultiCarrier_Addon,1,2016-11-03,None
42421753,1,HZ_MultiCarrier_Addon_Trial,3,2016-08-03,2018-01-26
42423369,1,HZ_MultiCarrier_Addon,1,2016-11-03,None
42423369,1,HZ_MultiCarrier_Addon_Trial,3,2016-08-03,2018-01-26
42429948,-99,HZ_MultiCarrier_Addon,1,2016-11-04,None
42429948,-99,HZ_MultiCarrier_Addon_Trial,3,2016-08-04,2018-01-26
42432827,-99,HZ_MultiCarrier_Addon,1,2016-08-05,None
42432827,-99,HZ_MultiCarrier_Addon_Trial,3,2016-08-05,2018-01-26
42433056,1,HZ_MultiCarrier_Addon,1,2016-11-04,None
42433056,1,HZ_MultiCarrier_Addon_Trial,3,2016-08-04,2018-01-26
42435795,1,HZ_MultiCarrier_Addon,-1,2016-11-04,2016-08-09
42435795,1,HZ_MultiCarrier_Addon_Trial,3,2016-08-04,2018-01-26
42445049,-99,HZ_MultiCarrier_Addon,1,2016-11-05,None
42445049,-99,HZ_MultiCarrier_Addon_Trial,3,2016-08-05,2018-01-26
42446323,1,HZ_MultiCarrier_Addon,1,2016-11-05,None
42446323,1,HZ_MultiCarrier_Addon_Trial,3,2016-08-05,2018-01-26
42447304,-3,HZ_MultiCarrier_Addon,1,2017-03-31,None
42448502,-99,HZ_MultiCarrier_Addon,2,2016-11-05,None
42448502,-99,HZ_MultiCarrier_Addon_Trial,3,2016-08-05,2018-01-26
42456874,-99,HZ_MultiCarrier_Addon,1,2016-11-05,None
42456874,-99,HZ_MultiCarrier_Addon_Trial,3,2016-08-05,2018-01-26
42461151,-99,HZ_MultiCarrier_Addon,1,2016-11-06,None
42461151,-99,HZ_MultiCarrier_Addon_Trial,3,2016-08-06,2018-01-26
42473502,-99,HZ_MultiCarrier_Addon,2,2016-11-06,None
42473502,-99,HZ_MultiCarrier_Addon_Trial,3,2016-08-06,2018-01-26
42485043,-99,HZ_MultiCarrier_Addon,2,2016-11-07,None
42485043,-99,HZ_MultiCarrier_Addon_Trial,3,2016-08-07,2018-01-26
42494263,-99,HZ_MultiCarrier_Addon,1,2016-11-08,None
42494263,-99,HZ_MultiCarrier_Addon_Trial,3,2016-08-08,2018-01-26
42495728,-99,HZ_MultiCarrier_Addon,1,2016-11-08,None
42495728,-99,HZ_MultiCarrier_Addon_Trial,3,2016-08-08,2018-01-26
42496272,-99,HZ_MultiCarrier_Addon,1,2016-11-08,None
42496272,-99,HZ_MultiCarrier_Addon_Trial,3,2016-08-08,2018-01-26
42496519,1,HZ_MultiCarrier_Addon,-1,2016-11-08,2016-08-09
42496519,1,HZ_MultiCarrier_Addon_Trial,3,2016-08-08,2018-01-26
42496680,1,HZ_MultiCarrier_Addon,1,2016-11-08,None
42496680,1,HZ_MultiCarrier_Addon_Trial,3,2016-08-08,2018-01-26
42498367,-99,HZ_MultiCarrier_Addon,2,2016-11-08,None
42498367,-99,HZ_MultiCarrier_Addon_Trial,3,2016-08-08,2018-01-26
42498592,-99,HZ_MultiCarrier_Addon,2,2016-11-08,None
42498592,-99,HZ_MultiCarrier_Addon_Trial,3,2016-08-08,2018-01-26
42500645,-99,HZ_MultiCarrier_Addon,1,2017-01-12,None
42502122,-99,HZ_MultiCarrier_Addon,1,2016-11-08,None
42502122,-99,HZ_MultiCarrier_Addon_Trial,3,2016-08-08,2018-01-26
42503341,-99,HZ_MultiCarrier_Addon,1,2016-11-08,None
42503341,-99,HZ_MultiCarrier_Addon_Trial,3,2016-08-08,2018-01-26
42508170,-99,HZ_MultiCarrier_Addon,1,2016-11-08,None
42508170,-99,HZ_MultiCarrier_Addon_Trial,3,2016-08-08,2018-01-26
42508843,-99,HZ_MultiCarrier_Addon,1,2016-11-09,None
42508843,-99,HZ_MultiCarrier_Addon_Trial,3,2016-08-09,2018-01-26
42508879,1,HZ_MultiCarrier_Addon,1,2016-11-11,None
42508879,1,HZ_MultiCarrier_Addon_Trial,3,2016-08-09,2018-01-26
42508922,-99,HZ_MultiCarrier_Addon,1,2016-11-09,None
42508922,-99,HZ_MultiCarrier_Addon_Trial,3,2016-08-09,2018-01-26
42509784,-99,HZ_MultiCarrier_Addon,2,2016-11-09,None
42509784,-99,HZ_MultiCarrier_Addon_Trial,3,2016-08-09,2018-01-26
42511195,1,HZ_MultiCarrier_Addon,1,2016-11-09,None
42511195,1,HZ_MultiCarrier_Addon_Trial,3,2016-08-09,2018-01-26
42511300,1,HZ_MultiCarrier_Addon,1,2016-11-09,None
42511300,1,HZ_MultiCarrier_Addon_Trial,3,2016-08-09,2018-01-26
42511723,1,HZ_MultiCarrier_Addon,1,2016-11-09,None
42511723,1,HZ_MultiCarrier_Addon_Trial,3,2016-08-09,2018-01-26
42514015,1,HZ_MultiCarrier_Addon,1,2016-11-09,None
42514015,1,HZ_MultiCarrier_Addon_Trial,3,2016-08-09,2018-01-26
42515351,-99,HZ_MultiCarrier_Addon,2,2016-11-09,None
42515351,-99,HZ_MultiCarrier_Addon_Trial,3,2016-08-09,2018-01-26
42517783,-3,HZ_MultiCarrier_Addon,1,2016-11-09,None
42517783,-3,HZ_MultiCarrier_Addon_Trial,3,2016-08-09,2018-01-26
42518851,-99,HZ_MultiCarrier_Addon,1,2016-11-09,None
42518851,-99,HZ_MultiCarrier_Addon_Trial,3,2016-08-09,2018-01-26
42520024,1,HZ_MultiCarrier_Addon,1,2016-11-11,None
42520024,1,HZ_MultiCarrier_Addon_Trial,3,2016-08-09,2018-01-26
42522817,-99,HZ_MultiCarrier_Addon,1,2016-11-09,None
42522817,-99,HZ_MultiCarrier_Addon_Trial,3,2016-08-09,2018-01-26
42530203,1,HZ_MultiCarrier_Addon,-1,2016-11-10,2016-08-10
42530203,1,HZ_MultiCarrier_Addon_Trial,3,2016-08-10,2018-01-26
42530611,-99,HZ_MultiCarrier_Addon,2,2016-11-10,None
42530611,-99,HZ_MultiCarrier_Addon_Trial,3,2016-08-10,2018-01-26
42530625,1,HZ_MultiCarrier_Addon,1,2017-06-29,None
42531923,1,HZ_MultiCarrier_Addon,1,2016-11-10,None
42531923,1,HZ_MultiCarrier_Addon_Trial,3,2016-08-10,2018-01-26
42532466,1,HZ_MultiCarrier_Addon,1,2016-11-10,None
42532466,1,HZ_MultiCarrier_Addon_Trial,3,2016-08-10,2018-01-26
42533007,-99,HZ_MultiCarrier_Addon,1,2016-11-10,None
42533007,-99,HZ_MultiCarrier_Addon_Trial,3,2016-08-10,2018-01-26
42533698,-99,HZ_MultiCarrier_Addon,1,2016-11-10,None
42533698,-99,HZ_MultiCarrier_Addon_Trial,3,2016-08-10,2018-01-26
42533761,-99,HZ_MultiCarrier_Addon,1,2016-11-19,None
42533761,-99,HZ_MultiCarrier_Addon_Trial,3,2016-08-10,2018-01-26
42540422,1,HZ_MultiCarrier_Addon,-1,2016-11-11,2016-11-10
42540422,1,HZ_MultiCarrier_Addon_Trial,3,2016-08-11,2018-01-26
42544591,-99,HZ_MultiCarrier_Addon,2,2016-11-11,None
42544591,-99,HZ_MultiCarrier_Addon_Trial,3,2016-08-11,2018-01-26
42546450,-99,HZ_MultiCarrier_Addon,2,2016-11-11,None
42546450,-99,HZ_MultiCarrier_Addon_Trial,3,2016-08-11,2018-01-26
42549851,-99,HZ_MultiCarrier_Addon,1,2016-11-11,None
42549851,-99,HZ_MultiCarrier_Addon_Trial,3,2016-08-11,2018-01-26
42551059,-3,HZ_MultiCarrier_Addon,1,2016-11-11,None
42551059,-3,HZ_MultiCarrier_Addon_Trial,3,2016-08-11,2018-01-26
42551512,-99,HZ_MultiCarrier_Addon,1,2016-11-11,None
42551512,-99,HZ_MultiCarrier_Addon_Trial,3,2016-08-11,2018-01-26
42556208,-99,HZ_MultiCarrier_Addon,1,2016-11-12,None
42556208,-99,HZ_MultiCarrier_Addon_Trial,3,2016-08-12,2018-01-26
42557541,-99,HZ_MultiCarrier_Addon,1,2016-11-12,None
42557541,-99,HZ_MultiCarrier_Addon_Trial,3,2016-08-12,2018-01-26
42558636,1,HZ_MultiCarrier_Addon,1,2016-11-12,None
42558636,1,HZ_MultiCarrier_Addon_Trial,3,2016-08-12,2018-01-26
42559488,-99,HZ_MultiCarrier_Addon,1,2016-11-12,None
42559488,-99,HZ_MultiCarrier_Addon_Trial,3,2016-08-12,2018-01-26
42560192,1,HZ_MultiCarrier_Addon,-1,2016-11-12,2016-08-12
42560192,1,HZ_MultiCarrier_Addon_Trial,3,2016-08-12,2018-01-26
42562159,1,HZ_MultiCarrier_Addon,1,2017-03-31,None
42567887,-99,HZ_MultiCarrier_Addon,1,2016-11-12,None
42567887,-99,HZ_MultiCarrier_Addon_Trial,3,2016-08-12,2018-01-26
42568175,-3,HZ_MultiCarrier_Addon,1,2016-11-12,None
42568175,-3,HZ_MultiCarrier_Addon_Trial,3,2016-08-12,2018-01-26
42572472,-99,HZ_MultiCarrier_Addon,1,2016-11-13,None
42572472,-99,HZ_MultiCarrier_Addon_Trial,3,2016-08-13,2018-01-26
42589430,-99,HZ_MultiCarrier_Addon,1,2016-11-14,None
42589430,-99,HZ_MultiCarrier_Addon_Trial,3,2016-08-14,2018-01-26
42592086,-99,HZ_MultiCarrier_Addon,1,2016-11-14,None
42592086,-99,HZ_MultiCarrier_Addon_Trial,3,2016-08-14,2018-01-26
42593768,-99,HZ_MultiCarrier_Addon,1,2016-11-19,None
42593768,-99,HZ_MultiCarrier_Addon_Trial,3,2016-08-14,2018-01-26
42600814,-99,HZ_MultiCarrier_Addon,1,2016-11-14,None
42600814,-99,HZ_MultiCarrier_Addon_Trial,3,2016-08-14,2018-01-26
42606651,-99,HZ_MultiCarrier_Addon,1,2016-11-15,None
42606651,-99,HZ_MultiCarrier_Addon_Trial,3,2016-08-15,2018-01-26
42606704,-99,HZ_MultiCarrier_Addon,1,2016-11-15,None
42606704,-99,HZ_MultiCarrier_Addon_Trial,3,2016-08-15,2018-01-26
42606795,-2,HZ_MultiCarrier_Addon,1,2016-11-15,None
42606795,-2,HZ_MultiCarrier_Addon_Trial,3,2016-08-15,2018-01-26
42607072,-99,HZ_MultiCarrier_Addon,1,2016-11-19,None
42607072,-99,HZ_MultiCarrier_Addon_Trial,3,2016-08-15,2018-01-26
42607596,1,HZ_MultiCarrier_Addon,1,2016-11-15,None
42607596,1,HZ_MultiCarrier_Addon_Trial,3,2016-08-15,2018-01-26
42608085,1,HZ_MultiCarrier_Addon,1,2016-11-15,None
42608085,1,HZ_MultiCarrier_Addon_Trial,3,2016-08-15,2018-01-26
42608482,-99,HZ_MultiCarrier_Addon,1,2016-11-15,None
42608482,-99,HZ_MultiCarrier_Addon_Trial,3,2016-08-15,2018-01-26
42609592,-99,HZ_MultiCarrier_Addon,1,2016-11-15,None
42609592,-99,HZ_MultiCarrier_Addon_Trial,3,2016-08-15,2018-01-26
42609785,-99,HZ_MultiCarrier_Addon,1,2016-11-15,None
42609785,-99,HZ_MultiCarrier_Addon_Trial,3,2016-08-15,2018-01-26
42610237,1,HZ_MultiCarrier_Addon,1,2016-11-19,None
42610237,1,HZ_MultiCarrier_Addon_Trial,3,2016-08-15,2018-01-26
42610664,-99,HZ_MultiCarrier_Addon,1,2016-11-15,None
42610664,-99,HZ_MultiCarrier_Addon_Trial,3,2016-08-15,2018-01-26
42612304,-99,HZ_MultiCarrier_Addon,2,2016-11-15,None
42612304,-99,HZ_MultiCarrier_Addon_Trial,3,2016-08-15,2018-01-26
42614187,-99,HZ_MultiCarrier_Addon,1,2016-11-15,None
42614187,-99,HZ_MultiCarrier_Addon_Trial,3,2016-08-15,2018-01-26
42616170,-3,HZ_MultiCarrier_Addon,1,2017-07-27,None
42619778,1,HZ_MultiCarrier_Addon,1,2016-11-16,None
42619778,1,HZ_MultiCarrier_Addon_Trial,3,2016-08-16,2018-01-26
42619896,-99,HZ_MultiCarrier_Addon,1,2016-11-16,None
42619896,-99,HZ_MultiCarrier_Addon_Trial,3,2016-08-16,2018-01-26
42621781,1,HZ_MultiCarrier_Addon,1,2016-11-16,None
42621781,1,HZ_MultiCarrier_Addon_Trial,3,2016-08-16,2018-01-26
42622165,-99,HZ_MultiCarrier_Addon,1,2016-11-16,None
42622165,-99,HZ_MultiCarrier_Addon_Trial,3,2016-08-16,2018-01-26
42624182,1,HZ_MultiCarrier_Addon,1,2016-11-16,None
42624182,1,HZ_MultiCarrier_Addon_Trial,3,2016-08-16,2018-01-26
42627592,-3,HZ_MultiCarrier_Addon,1,2016-11-16,None
42627592,-3,HZ_MultiCarrier_Addon_Trial,3,2016-08-16,2018-01-26
42634016,-99,HZ_MultiCarrier_Addon,1,2016-11-16,None
42634016,-99,HZ_MultiCarrier_Addon_Trial,3,2016-08-16,2018-01-26
42636472,1,HZ_MultiCarrier_Addon,1,2017-08-03,None
42639432,-99,HZ_MultiCarrier_Addon,2,2016-11-17,None
42639432,-99,HZ_MultiCarrier_Addon_Trial,3,2016-08-17,2018-01-26
42639849,1,HZ_MultiCarrier_Addon,1,2016-11-17,None
42639849,1,HZ_MultiCarrier_Addon_Trial,3,2016-08-17,2018-01-26
42641297,1,HZ_MultiCarrier_Addon,1,2016-11-17,None
42641297,1,HZ_MultiCarrier_Addon_Trial,3,2016-08-17,2018-01-26
42641558,-99,HZ_MultiCarrier_Addon,1,2016-11-17,None
42641558,-99,HZ_MultiCarrier_Addon_Trial,3,2016-08-17,2018-01-26
42642074,-99,HZ_MultiCarrier_Addon,2,2016-11-17,None
42642074,-99,HZ_MultiCarrier_Addon_Trial,3,2016-08-17,2018-01-26
42642639,-99,HZ_MultiCarrier_Addon,1,2016-11-17,None
42642639,-99,HZ_MultiCarrier_Addon_Trial,3,2016-08-17,2018-01-26
42642678,-99,HZ_MultiCarrier_Addon,2,2016-11-17,None
42642678,-99,HZ_MultiCarrier_Addon_Trial,3,2016-08-17,2018-01-26
42643651,-3,HZ_MultiCarrier_Addon,1,2016-11-17,None
42643651,-3,HZ_MultiCarrier_Addon_Trial,3,2016-08-17,2018-01-26
42647212,-99,HZ_MultiCarrier_Addon,1,2016-11-19,None
42647212,-99,HZ_MultiCarrier_Addon_Trial,3,2016-08-17,2018-01-26
42650630,-99,HZ_MultiCarrier_Addon,1,2016-11-19,None
42650630,-99,HZ_MultiCarrier_Addon_Trial,3,2016-08-18,2018-01-26
42651420,-99,HZ_MultiCarrier_Addon,1,2016-11-18,None
42651420,-99,HZ_MultiCarrier_Addon_Trial,3,2016-08-18,2018-01-26
42651916,-99,HZ_MultiCarrier_Addon,2,2016-11-18,None
42651916,-99,HZ_MultiCarrier_Addon_Trial,3,2016-08-18,2018-01-26
42652009,1,HZ_MultiCarrier_Addon,1,2016-11-18,None
42652009,1,HZ_MultiCarrier_Addon_Trial,3,2016-08-18,2018-01-26
42652567,-99,HZ_MultiCarrier_Addon,1,2016-11-18,None
42652567,-99,HZ_MultiCarrier_Addon_Trial,3,2016-08-18,2018-01-26
42652718,-99,HZ_MultiCarrier_Addon,1,2016-11-19,None
42652718,-99,HZ_MultiCarrier_Addon_Trial,3,2016-08-18,2018-01-26
42654081,-99,HZ_MultiCarrier_Addon,1,2016-11-19,None
42654081,-99,HZ_MultiCarrier_Addon_Trial,3,2016-08-18,2018-01-26
42659922,1,HZ_MultiCarrier_Addon,1,2017-09-29,None
42662775,1,HZ_MultiCarrier_Addon,-1,2016-11-18,2017-06-06
42662775,1,HZ_MultiCarrier_Addon_Trial,3,2016-08-18,2018-01-26
42668961,-3,HZ_MultiCarrier_Addon,1,2016-11-19,None
42668961,-3,HZ_MultiCarrier_Addon_Trial,3,2016-08-19,2018-01-26
42670133,-99,HZ_MultiCarrier_Addon,1,2016-12-06,None
42670133,-99,HZ_MultiCarrier_Addon_Trial,3,2016-08-19,2018-01-26
42672774,-99,HZ_MultiCarrier_Addon,1,2016-11-19,None
42672774,-99,HZ_MultiCarrier_Addon_Trial,3,2016-08-19,2018-01-26
42674883,-99,HZ_MultiCarrier_Addon,1,2016-11-19,None
42674883,-99,HZ_MultiCarrier_Addon_Trial,3,2016-08-19,2018-01-26
42676591,-99,HZ_MultiCarrier_Addon,1,2016-11-19,None
42676591,-99,HZ_MultiCarrier_Addon_Trial,3,2016-08-19,2018-01-26
42677431,1,HZ_MultiCarrier_Addon,1,2016-11-19,None
42677431,1,HZ_MultiCarrier_Addon_Trial,3,2016-08-19,2018-01-26
42680167,-99,HZ_MultiCarrier_Addon,1,2016-11-20,None
42680167,-99,HZ_MultiCarrier_Addon_Trial,3,2016-08-20,2018-01-26
42682475,-3,HZ_MultiCarrier_Addon,1,2016-11-20,None
42682475,-3,HZ_MultiCarrier_Addon_Trial,3,2016-08-20,2018-01-26
42704225,1,HZ_MultiCarrier_Addon,1,2017-08-08,None
42712484,-99,HZ_MultiCarrier_Addon,1,2016-11-21,None
42712484,-99,HZ_MultiCarrier_Addon_Trial,3,2016-08-21,2018-01-26
42713004,-99,HZ_MultiCarrier_Addon,1,2016-11-21,None
42713004,-99,HZ_MultiCarrier_Addon_Trial,3,2016-08-21,2018-01-26
42713148,-99,HZ_MultiCarrier_Addon,1,2016-11-21,None
42713148,-99,HZ_MultiCarrier_Addon_Trial,3,2016-08-21,2018-01-26
42714571,-99,HZ_MultiCarrier_Addon,1,2016-11-21,None
42714571,-99,HZ_MultiCarrier_Addon_Trial,3,2016-08-21,2018-01-26
42716062,-99,HZ_MultiCarrier_Addon,1,2016-11-22,None
42716062,-99,HZ_MultiCarrier_Addon_Trial,3,2016-08-22,2018-01-26
42717100,1,HZ_MultiCarrier_Addon,1,2016-11-22,None
42717100,1,HZ_MultiCarrier_Addon_Trial,3,2016-08-22,2018-01-26
42717503,-99,HZ_MultiCarrier_Addon,2,2016-11-22,None
42717503,-99,HZ_MultiCarrier_Addon_Trial,3,2016-08-22,2018-01-26
42717899,1,HZ_MultiCarrier_Addon,1,2016-11-22,None
42717899,1,HZ_MultiCarrier_Addon_Trial,3,2016-08-22,2018-01-26
42718837,1,HZ_MultiCarrier_Addon,1,2016-11-22,None
42718837,1,HZ_MultiCarrier_Addon_Trial,3,2016-08-22,2018-01-26
42719068,-1,HZ_MultiCarrier_Addon,1,2016-11-22,None
42719068,-1,HZ_MultiCarrier_Addon_Trial,3,2016-08-22,2018-01-26
42719114,-99,HZ_MultiCarrier_Addon,1,2016-11-22,None
42719114,-99,HZ_MultiCarrier_Addon_Trial,3,2016-08-22,2018-01-26
42720317,-99,HZ_MultiCarrier_Addon,1,2016-11-22,None
42720317,-99,HZ_MultiCarrier_Addon_Trial,3,2016-08-22,2018-01-26
42720519,1,HZ_MultiCarrier_Addon,1,2016-11-22,None
42720519,1,HZ_MultiCarrier_Addon_Trial,3,2016-08-22,2018-01-26
42721668,1,HZ_MultiCarrier_Addon,1,2017-09-28,None
42721709,-3,HZ_MultiCarrier_Addon,1,2016-11-22,None
42721709,-3,HZ_MultiCarrier_Addon_Trial,3,2016-08-22,2018-01-26
42724008,1,HZ_MultiCarrier_Addon,1,2016-11-22,None
42724008,1,HZ_MultiCarrier_Addon_Trial,3,2016-08-22,2018-01-26
42725253,1,HZ_MultiCarrier_Addon,1,2016-11-22,None
42725253,1,HZ_MultiCarrier_Addon_Trial,3,2016-08-22,2018-01-26
42726269,-99,HZ_MultiCarrier_Addon,1,2016-11-22,None
42726269,-99,HZ_MultiCarrier_Addon_Trial,3,2016-08-22,2018-01-26
42730951,-99,HZ_MultiCarrier_Addon,1,2016-12-06,None
42730951,-99,HZ_MultiCarrier_Addon_Trial,3,2016-08-23,2018-01-26
42731239,-99,HZ_MultiCarrier_Addon,1,2016-11-23,None
42731239,-99,HZ_MultiCarrier_Addon_Trial,3,2016-08-23,2018-01-26
42735431,1,HZ_MultiCarrier_Addon,1,2016-11-23,None
42735431,1,HZ_MultiCarrier_Addon_Trial,3,2016-08-23,2018-01-26
42740607,-99,HZ_MultiCarrier_Addon,2,2016-11-23,None
42740607,-99,HZ_MultiCarrier_Addon_Trial,3,2016-08-23,2018-01-26
42741201,-99,HZ_MultiCarrier_Addon,2,2016-11-23,None
42741201,-99,HZ_MultiCarrier_Addon_Trial,3,2016-08-23,2018-01-26
42744553,-99,HZ_MultiCarrier_Addon,1,2016-11-23,None
42744553,-99,HZ_MultiCarrier_Addon_Trial,3,2016-08-23,2018-01-26
42747219,-99,HZ_MultiCarrier_Addon,1,2016-12-06,None
42747219,-99,HZ_MultiCarrier_Addon_Trial,3,2016-08-23,2018-01-26
42748194,-99,HZ_MultiCarrier_Addon,1,2016-11-24,None
42748194,-99,HZ_MultiCarrier_Addon_Trial,3,2016-08-24,2018-01-26
42748407,-99,HZ_MultiCarrier_Addon,1,2016-11-24,None
42748407,-99,HZ_MultiCarrier_Addon_Trial,3,2016-08-24,2018-01-26
42749270,-99,HZ_MultiCarrier_Addon,1,2016-11-24,None
42749270,-99,HZ_MultiCarrier_Addon_Trial,3,2016-08-24,2018-01-26
42749764,-99,HZ_MultiCarrier_Addon,1,2016-11-24,None
42749764,-99,HZ_MultiCarrier_Addon_Trial,3,2016-08-24,2018-01-26
42749776,1,HZ_MultiCarrier_Addon,1,2016-12-06,None
42749776,1,HZ_MultiCarrier_Addon_Trial,3,2016-08-24,2018-01-26
42750092,1,HZ_MultiCarrier_Addon,1,2016-11-24,None
42750092,1,HZ_MultiCarrier_Addon_Trial,3,2016-08-24,2018-01-26
42750124,1,HZ_MultiCarrier_Addon,1,2016-11-24,None
42750124,1,HZ_MultiCarrier_Addon_Trial,3,2016-08-24,2018-01-26
42750473,-99,HZ_MultiCarrier_Addon,2,2016-11-24,None
42750473,-99,HZ_MultiCarrier_Addon_Trial,3,2016-08-24,2018-01-26
42755136,-99,HZ_MultiCarrier_Addon,1,2016-11-24,None
42755136,-99,HZ_MultiCarrier_Addon_Trial,3,2016-08-24,2018-01-26
42762128,-99,HZ_MultiCarrier_Addon,2,2016-11-24,None
42762128,-99,HZ_MultiCarrier_Addon_Trial,3,2016-08-24,2018-01-26
42763385,-99,HZ_MultiCarrier_Addon,1,2016-11-24,None
42763385,-99,HZ_MultiCarrier_Addon_Trial,3,2016-08-24,2018-01-26
42766234,-99,HZ_MultiCarrier_Addon,1,2016-12-06,None
42766234,-99,HZ_MultiCarrier_Addon_Trial,3,2016-08-25,2018-01-26
42768175,-99,HZ_MultiCarrier_Addon,1,2016-11-25,None
42768175,-99,HZ_MultiCarrier_Addon_Trial,3,2016-08-25,2018-01-26
42768670,1,HZ_MultiCarrier_Addon,-1,2016-11-25,2016-12-27
42768670,1,HZ_MultiCarrier_Addon_Trial,3,2016-08-25,2018-01-26
42769773,-99,HZ_MultiCarrier_Addon,1,2016-11-25,None
42769773,-99,HZ_MultiCarrier_Addon_Trial,3,2016-08-25,2018-01-26
